SeniorCitizen,Partner,Dependents,tenure,PhoneService,MultipleLines,OnlineSecurity,OnlineBackup,DeviceProtection,TechSupport,StreamingTV,StreamingMovies,PaperlessBilling,MonthlyCharges,TotalCharges,MonthlyIncome
0,0.0,0.0,8,1.0,0.0,0.0,1.0,0.0,1.0,1.0,0.0,1.0,66.65,520.95,1361
0,0.0,0.0,63,1.0,0.0,0.0,0.0,0.0,0.0,0.0,0.0,1.0,20.6,1298.7,3850
0,1.0,1.0,23,1.0,0.0,1.0,0.0,0.0,1.0,1.0,1.0,1.0,99.85,2331.3,2736
0,0.0,0.0,47,0.0,0.0,1.0,0.0,1.0,1.0,0.0,0.0,0.0,41.9,1412.4,1139
1,0.0,1.0,30,1.0,1.0,0.0,0.0,0.0,1.0,1.0,1.0,1.0,101.3,2974.5,5211
1,0.0,0.0,52,0.0,0.0,0.0,1.0,0.0,0.0,1.0,1.0,1.0,49.15,2550.9,8422
0,1.0,1.0,69,1.0,0.0,0.0,0.0,0.0,0.0,0.0,0.0,1.0,20.35,1442.65,2812
1,0.0,0.0,50,1.0,1.0,0.0,0.0,1.0,1.0,1.0,1.0,1.0,104.95,5222.35,5397
0,1.0,1.0,58,1.0,0.0,0.0,1.0,1.0,0.0,1.0,0.0,1.0,91.55,1412.4,5415
0,1.0,1.0,67,1.0,0.0,1.0,1.0,0.0,1.0,0.0,0.0,0.0,60.05,3994.05,9115
0,0.0,0.0,71,1.0,1.0,1.0,1.0,1.0,1.0,1.0,1.0,0.0,111.3,7985.9,6171
0,1.0,1.0,46,1.0,0.0,0.0,0.0,0.0,0.0,0.0,0.0,1.0,19.95,927.1,2818
1,1.0,0.0,53,1.0,1.0,0.0,0.0,0.0,0.0,0.0,0.0,0.0,25.1,1275.6,3410
0,1.0,0.0,72,1.0,1.0,1.0,1.0,1.0,1.0,1.0,1.0,1.0,115.55,8425.3,9419
0,1.0,1.0,25,1.0,0.0,0.0,0.0,0.0,0.0,0.0,0.0,1.0,18.7,383.65,5642
0,0.0,0.0,24,1.0,1.0,0.0,0.0,0.0,1.0,0.0,1.0,1.0,89.55,2259.35,2433
0,0.0,0.0,1,1.0,0.0,0.0,0.0,0.0,0.0,0.0,0.0,1.0,69.55,69.55,6928
0,0.0,0.0,7,1.0,0.0,0.0,1.0,0.0,0.0,1.0,1.0,1.0,94.05,633.45,1472
0,0.0,0.0,42,1.0,1.0,0.0,0.0,0.0,1.0,1.0,1.0,1.0,100.3,4222.95,827
0,1.0,0.0,72,1.0,1.0,1.0,1.0,1.0,1.0,1.0,1.0,1.0,92.4,6786.1,9259
0,1.0,1.0,63,1.0,0.0,1.0,1.0,1.0,1.0,0.0,0.0,0.0,63.55,4014.2,4404
0,1.0,1.0,72,1.0,1.0,0.0,1.0,1.0,1.0,1.0,1.0,1.0,112.25,8041.65,9045
0,0.0,0.0,20,0.0,0.0,1.0,1.0,1.0,1.0,1.0,0.0,1.0,55.0,1165.55,2632
0,1.0,1.0,5,1.0,0.0,0.0,0.0,0.0,0.0,1.0,0.0,1.0,80.85,356.1,3788
0,0.0,1.0,54,1.0,0.0,0.0,1.0,1.0,1.0,0.0,0.0,1.0,61.0,3283.05,6898
0,1.0,1.0,62,1.0,1.0,0.0,0.0,0.0,0.0,0.0,0.0,1.0,24.25,1424.6,9192
0,0.0,0.0,54,1.0,0.0,0.0,0.0,0.0,0.0,0.0,0.0,1.0,20.5,1035.7,5167
0,0.0,0.0,34,1.0,0.0,0.0,1.0,1.0,1.0,1.0,1.0,1.0,105.1,3634.8,7631
0,1.0,1.0,37,1.0,0.0,0.0,0.0,0.0,0.0,1.0,1.0,0.0,91.2,3247.55,6341
0,0.0,0.0,2,1.0,0.0,0.0,0.0,0.0,0.0,0.0,0.0,0.0,19.3,44.4,8740
0,1.0,0.0,72,1.0,1.0,1.0,1.0,1.0,1.0,1.0,1.0,0.0,114.45,8375.05,7133
0,1.0,0.0,1,1.0,0.0,0.0,0.0,0.0,0.0,0.0,0.0,1.0,69.4,1412.4,7936
0,1.0,0.0,8,1.0,0.0,1.0,0.0,0.0,1.0,0.0,1.0,0.0,65.5,564.35,501
0,0.0,0.0,5,0.0,0.0,1.0,1.0,1.0,1.0,0.0,0.0,1.0,43.25,219.0,9697
0,0.0,0.0,40,1.0,0.0,1.0,0.0,1.0,0.0,0.0,1.0,0.0,67.45,1412.4,1986
0,1.0,1.0,2,1.0,0.0,1.0,0.0,0.0,0.0,1.0,1.0,0.0,97.1,184.15,4517
0,0.0,0.0,18,1.0,0.0,1.0,0.0,1.0,1.0,1.0,0.0,1.0,68.35,1299.8,3350
0,0.0,0.0,8,1.0,0.0,0.0,1.0,0.0,1.0,1.0,0.0,1.0,65.45,554.45,3845
0,1.0,0.0,20,1.0,0.0,0.0,0.0,0.0,0.0,0.0,0.0,0.0,20.35,393.15,1086
0,1.0,1.0,44,1.0,0.0,0.0,0.0,0.0,0.0,0.0,0.0,0.0,20.6,926.0,7281
0,1.0,0.0,32,1.0,1.0,1.0,0.0,0.0,1.0,1.0,0.0,1.0,72.8,2333.05,7026
0,1.0,0.0,24,1.0,1.0,0.0,1.0,1.0,0.0,1.0,1.0,1.0,104.65,2542.45,4487
0,1.0,0.0,10,1.0,0.0,0.0,0.0,0.0,0.0,0.0,0.0,1.0,70.3,738.2,6243
0,0.0,0.0,1,1.0,0.0,0.0,0.0,0.0,0.0,0.0,0.0,0.0,45.75,45.75,6231
0,1.0,1.0,72,1.0,1.0,0.0,0.0,1.0,0.0,0.0,1.0,1.0,90.8,6511.8,9722
0,1.0,1.0,68,1.0,1.0,0.0,0.0,0.0,0.0,0.0,0.0,1.0,24.0,1664.3,2660
1,0.0,0.0,15,1.0,1.0,0.0,1.0,0.0,0.0,1.0,0.0,0.0,89.0,1288.3,1328
0,0.0,0.0,27,1.0,1.0,0.0,0.0,1.0,0.0,1.0,1.0,1.0,100.5,2673.45,8489
1,1.0,1.0,64,1.0,1.0,0.0,0.0,0.0,0.0,0.0,0.0,1.0,24.4,1548.65,3138
0,0.0,0.0,52,1.0,1.0,1.0,0.0,1.0,1.0,1.0,1.0,1.0,109.3,5731.4,4709
0,0.0,0.0,19,1.0,1.0,0.0,0.0,0.0,0.0,1.0,1.0,0.0,69.6,1394.55,7842
0,0.0,0.0,1,1.0,0.0,0.0,0.0,1.0,0.0,0.0,0.0,0.0,50.9,50.9,5432
0,1.0,0.0,67,0.0,0.0,1.0,1.0,0.0,1.0,0.0,1.0,1.0,50.95,3521.7,6300
0,0.0,0.0,4,1.0,0.0,0.0,0.0,0.0,0.0,0.0,0.0,0.0,19.0,73.45,8004
0,0.0,0.0,62,1.0,0.0,0.0,0.0,0.0,0.0,0.0,0.0,1.0,20.05,1201.65,3637
0,0.0,0.0,4,0.0,0.0,1.0,0.0,0.0,0.0,0.0,0.0,1.0,29.15,110.05,8087
0,0.0,0.0,3,1.0,1.0,0.0,0.0,0.0,0.0,0.0,0.0,1.0,76.95,228.4,3527
1,0.0,0.0,4,1.0,1.0,0.0,0.0,0.0,0.0,1.0,1.0,1.0,94.3,424.45,1525
0,0.0,0.0,1,1.0,0.0,0.0,0.0,0.0,0.0,0.0,0.0,1.0,44.15,44.15,6983
0,0.0,0.0,19,1.0,0.0,1.0,0.0,1.0,1.0,1.0,1.0,1.0,106.6,1934.45,5083
0,0.0,0.0,55,1.0,0.0,1.0,1.0,0.0,0.0,1.0,1.0,1.0,100.9,5552.05,9327
0,0.0,1.0,56,1.0,1.0,0.0,0.0,0.0,0.0,0.0,0.0,1.0,24.8,1424.2,7482
0,1.0,1.0,72,1.0,1.0,0.0,0.0,0.0,0.0,0.0,0.0,0.0,24.1,1734.65,4442
0,1.0,0.0,72,1.0,1.0,1.0,1.0,1.0,1.0,1.0,1.0,0.0,115.8,8332.15,9446
1,0.0,0.0,31,1.0,0.0,1.0,0.0,0.0,0.0,0.0,0.0,1.0,73.55,2094.65,5859
0,1.0,0.0,70,1.0,1.0,1.0,0.0,0.0,1.0,1.0,1.0,1.0,76.95,5289.8,7385
0,0.0,0.0,1,1.0,0.0,0.0,0.0,0.0,0.0,0.0,0.0,1.0,69.6,69.6,4028
1,1.0,1.0,56,1.0,1.0,1.0,0.0,1.0,0.0,1.0,1.0,1.0,104.55,5794.65,3926
1,0.0,0.0,10,0.0,0.0,0.0,0.0,0.0,0.0,0.0,1.0,1.0,34.7,329.8,1597
0,0.0,0.0,5,1.0,0.0,0.0,0.0,0.0,1.0,1.0,1.0,1.0,96.1,453.4,5267
1,0.0,0.0,3,1.0,0.0,0.0,0.0,1.0,0.0,0.0,0.0,0.0,75.05,202.9,4447
0,0.0,0.0,53,1.0,0.0,0.0,0.0,0.0,0.0,0.0,0.0,0.0,19.65,978.0,9528
0,0.0,0.0,5,1.0,0.0,0.0,0.0,1.0,1.0,1.0,1.0,0.0,75.15,392.65,1222
1,0.0,0.0,18,1.0,0.0,0.0,1.0,0.0,0.0,0.0,0.0,1.0,49.85,865.75,3122
0,0.0,0.0,9,1.0,0.0,0.0,1.0,1.0,0.0,0.0,0.0,0.0,80.55,653.9,5003
0,1.0,0.0,15,1.0,0.0,0.0,0.0,1.0,0.0,1.0,0.0,1.0,84.3,1308.4,1012
0,0.0,0.0,23,1.0,0.0,0.0,0.0,1.0,0.0,0.0,0.0,0.0,49.7,1081.25,1878
0,1.0,1.0,72,1.0,1.0,1.0,1.0,1.0,1.0,1.0,1.0,1.0,117.6,8308.9,649
0,0.0,0.0,20,1.0,0.0,0.0,0.0,0.0,0.0,0.0,0.0,1.0,44.35,927.15,4605
0,1.0,1.0,72,1.0,1.0,0.0,0.0,0.0,0.0,0.0,0.0,1.0,26.25,1988.05,8528
0,0.0,0.0,1,0.0,0.0,0.0,0.0,0.0,0.0,0.0,1.0,0.0,35.9,35.9,6469
0,1.0,1.0,1,1.0,0.0,0.0,0.0,0.0,0.0,0.0,0.0,1.0,20.5,20.5,4928
0,1.0,0.0,17,1.0,0.0,0.0,0.0,1.0,0.0,1.0,1.0,1.0,96.65,1588.25,1916
0,0.0,0.0,25,0.0,0.0,1.0,1.0,1.0,0.0,1.0,1.0,0.0,61.05,1540.2,3436
0,1.0,1.0,19,1.0,0.0,0.0,1.0,0.0,1.0,1.0,1.0,0.0,100.0,1888.65,9593
1,1.0,0.0,26,1.0,1.0,0.0,1.0,1.0,0.0,0.0,1.0,1.0,93.85,2381.55,4275
0,0.0,0.0,69,1.0,1.0,0.0,1.0,0.0,1.0,1.0,1.0,1.0,105.2,7386.05,7074
0,1.0,1.0,17,1.0,1.0,1.0,0.0,1.0,0.0,1.0,0.0,1.0,70.35,1201.65,7413
0,1.0,1.0,62,1.0,0.0,1.0,1.0,1.0,1.0,1.0,1.0,0.0,108.15,6825.65,6680
0,0.0,0.0,11,1.0,0.0,0.0,0.0,0.0,0.0,0.0,0.0,0.0,20.05,237.7,9622
0,1.0,0.0,48,1.0,1.0,1.0,1.0,1.0,0.0,1.0,0.0,1.0,96.9,4473.45,4514
0,0.0,0.0,35,1.0,0.0,0.0,0.0,0.0,0.0,0.0,0.0,0.0,20.6,754.0,4977
0,0.0,0.0,5,1.0,1.0,0.0,1.0,0.0,0.0,0.0,1.0,1.0,64.0,370.25,8353
0,1.0,1.0,70,1.0,1.0,1.0,1.0,0.0,0.0,1.0,0.0,1.0,69.2,4872.35,8148
0,0.0,0.0,1,1.0,0.0,0.0,0.0,0.0,1.0,0.0,0.0,1.0,75.9,75.9,486
0,1.0,0.0,54,1.0,1.0,0.0,1.0,1.0,0.0,1.0,1.0,1.0,104.3,5278.15,8373
1,0.0,0.0,44,1.0,0.0,0.0,0.0,1.0,1.0,1.0,1.0,0.0,74.85,3268.05,6749
0,1.0,1.0,14,1.0,0.0,0.0,0.0,0.0,0.0,0.0,0.0,0.0,18.8,255.55,8576
0,1.0,0.0,66,1.0,1.0,1.0,1.0,1.0,1.0,1.0,1.0,0.0,115.8,7942.15,3168
0,0.0,0.0,50,1.0,0.0,0.0,0.0,0.0,0.0,0.0,0.0,1.0,19.35,1033.0,3433
0,1.0,0.0,58,1.0,0.0,0.0,0.0,0.0,0.0,0.0,0.0,0.0,20.75,1185.95,4763
0,1.0,0.0,72,1.0,1.0,1.0,1.0,1.0,1.0,1.0,1.0,1.0,115.5,8312.75,4880
0,1.0,1.0,71,1.0,0.0,1.0,1.0,1.0,1.0,1.0,1.0,0.0,109.3,7782.85,3185
0,0.0,0.0,60,1.0,0.0,0.0,1.0,1.0,0.0,1.0,1.0,1.0,99.65,5941.05,6631
0,1.0,0.0,72,1.0,1.0,1.0,1.0,1.0,1.0,1.0,0.0,1.0,103.95,7556.9,7837
0,0.0,0.0,47,1.0,1.0,1.0,1.0,0.0,0.0,1.0,0.0,0.0,94.8,4535.85,4273
0,1.0,0.0,72,1.0,1.0,0.0,0.0,0.0,0.0,0.0,0.0,0.0,24.85,1871.85,5623
0,0.0,0.0,4,1.0,0.0,0.0,0.0,0.0,0.0,0.0,0.0,0.0,44.55,220.75,5683
1,0.0,0.0,71,1.0,1.0,1.0,1.0,0.0,1.0,1.0,0.0,1.0,99.65,7181.25,2060
1,1.0,1.0,46,1.0,1.0,1.0,1.0,1.0,0.0,1.0,0.0,1.0,100.7,4541.2,9574
1,1.0,0.0,15,1.0,1.0,1.0,0.0,1.0,0.0,1.0,0.0,1.0,96.5,1392.25,3942
0,1.0,0.0,24,0.0,0.0,0.0,0.0,1.0,0.0,0.0,0.0,0.0,29.1,688.0,1027
0,1.0,1.0,34,1.0,0.0,1.0,1.0,1.0,0.0,0.0,0.0,1.0,60.8,2042.05,8127
0,0.0,0.0,3,1.0,1.0,0.0,0.0,0.0,0.0,0.0,1.0,1.0,85.3,264.8,471
1,0.0,0.0,11,1.0,0.0,0.0,0.0,0.0,0.0,0.0,1.0,1.0,78.5,874.2,1472
0,1.0,1.0,38,1.0,0.0,0.0,0.0,0.0,0.0,0.0,0.0,0.0,19.6,763.1,9937
1,0.0,0.0,21,1.0,0.0,0.0,0.0,0.0,0.0,0.0,0.0,0.0,20.5,429.55,678
0,1.0,1.0,61,0.0,0.0,0.0,1.0,1.0,1.0,1.0,0.0,0.0,51.35,3244.4,1718
0,0.0,0.0,30,1.0,1.0,1.0,1.0,0.0,0.0,0.0,1.0,1.0,94.3,2679.7,7800
0,1.0,1.0,6,1.0,0.0,0.0,0.0,0.0,0.0,1.0,0.0,0.0,54.85,355.1,4738
0,0.0,0.0,4,1.0,0.0,0.0,0.0,0.0,0.0,0.0,0.0,1.0,70.2,237.95,9738
0,1.0,0.0,63,1.0,0.0,1.0,1.0,1.0,1.0,1.0,1.0,1.0,110.1,6705.7,7041
0,0.0,0.0,28,1.0,0.0,1.0,1.0,0.0,1.0,0.0,0.0,1.0,59.9,1654.7,7725
0,0.0,0.0,69,1.0,0.0,0.0,0.0,0.0,0.0,0.0,0.0,1.0,19.1,1268.85,5484
0,1.0,0.0,54,0.0,0.0,0.0,1.0,0.0,0.0,0.0,0.0,0.0,30.4,1621.35,6439
0,0.0,1.0,17,1.0,1.0,0.0,1.0,1.0,1.0,0.0,0.0,1.0,92.7,1556.85,6334
0,0.0,0.0,13,1.0,1.0,0.0,1.0,1.0,1.0,0.0,0.0,0.0,89.4,1132.35,4199
0,1.0,1.0,24,1.0,1.0,1.0,0.0,0.0,0.0,0.0,0.0,0.0,54.75,1338.15,331
1,1.0,0.0,32,1.0,1.0,0.0,0.0,0.0,0.0,1.0,1.0,1.0,93.2,2931.0,723
0,1.0,1.0,71,1.0,0.0,0.0,0.0,1.0,0.0,0.0,0.0,0.0,76.05,5436.45,1777
0,0.0,0.0,3,1.0,0.0,0.0,0.0,0.0,0.0,0.0,1.0,1.0,55.3,196.15,8425
0,1.0,1.0,69,1.0,0.0,1.0,1.0,1.0,0.0,0.0,0.0,1.0,59.75,4069.9,5011
0,1.0,0.0,72,1.0,0.0,1.0,1.0,0.0,1.0,1.0,1.0,1.0,79.35,5753.25,6557
1,0.0,0.0,15,1.0,1.0,0.0,0.0,0.0,0.0,0.0,0.0,1.0,74.2,1133.9,7773
0,0.0,0.0,36,1.0,0.0,0.0,0.0,0.0,0.0,0.0,0.0,1.0,20.35,695.85,3932
1,1.0,0.0,53,1.0,1.0,0.0,0.0,0.0,0.0,1.0,1.0,1.0,95.85,5016.25,7352
0,1.0,0.0,44,1.0,1.0,1.0,0.0,1.0,0.0,0.0,0.0,1.0,84.8,3626.35,5237
0,1.0,0.0,49,1.0,0.0,0.0,0.0,0.0,0.0,0.0,0.0,0.0,19.0,918.7,4476
0,0.0,0.0,1,1.0,0.0,0.0,0.0,0.0,0.0,0.0,0.0,0.0,20.2,20.2,3339
0,0.0,0.0,22,1.0,1.0,0.0,0.0,0.0,0.0,1.0,1.0,1.0,94.65,2104.55,7743
0,0.0,0.0,1,1.0,0.0,1.0,1.0,0.0,0.0,0.0,0.0,1.0,54.9,54.9,3277
0,0.0,0.0,49,1.0,1.0,0.0,1.0,0.0,0.0,1.0,1.0,0.0,98.7,4920.55,3351
0,1.0,1.0,14,1.0,1.0,0.0,0.0,0.0,0.0,1.0,0.0,1.0,84.8,1203.9,983
0,1.0,1.0,68,1.0,1.0,1.0,1.0,1.0,1.0,1.0,1.0,0.0,88.0,6161.9,1386
0,0.0,1.0,50,0.0,0.0,1.0,1.0,0.0,0.0,1.0,0.0,1.0,43.05,1412.4,3443
0,0.0,0.0,3,1.0,0.0,0.0,0.0,0.0,0.0,0.0,0.0,0.0,20.7,57.5,6861
0,1.0,1.0,24,1.0,0.0,0.0,0.0,0.0,0.0,0.0,0.0,0.0,19.7,452.55,7179
0,0.0,0.0,1,1.0,1.0,0.0,1.0,0.0,0.0,0.0,0.0,1.0,80.2,80.2,5769
1,0.0,0.0,36,1.0,1.0,0.0,0.0,0.0,0.0,0.0,0.0,1.0,74.9,2659.45,7764
0,1.0,0.0,5,1.0,0.0,0.0,0.0,0.0,0.0,0.0,0.0,0.0,19.35,126.05,8070
1,1.0,0.0,2,1.0,1.0,0.0,0.0,0.0,0.0,1.0,0.0,1.0,86.85,156.35,6744
0,0.0,0.0,33,1.0,0.0,0.0,0.0,0.0,0.0,0.0,0.0,1.0,70.4,2406.1,7442
0,0.0,0.0,30,1.0,1.0,0.0,0.0,1.0,0.0,1.0,1.0,0.0,100.45,3096.9,1641
0,1.0,0.0,30,1.0,0.0,0.0,0.0,0.0,0.0,0.0,0.0,0.0,19.05,637.55,167
0,0.0,0.0,19,1.0,0.0,0.0,0.0,0.0,0.0,1.0,0.0,1.0,78.7,1495.1,6215
0,0.0,0.0,2,1.0,0.0,0.0,0.0,0.0,0.0,1.0,1.0,1.0,90.4,168.2,1468
0,0.0,0.0,13,0.0,0.0,0.0,0.0,0.0,0.0,0.0,0.0,1.0,23.9,300.8,8133
0,0.0,0.0,39,1.0,1.0,0.0,0.0,0.0,0.0,0.0,0.0,1.0,73.15,2730.85,4879
0,0.0,0.0,17,1.0,0.0,0.0,0.0,0.0,1.0,0.0,0.0,0.0,51.5,900.5,4707
0,0.0,0.0,13,1.0,0.0,0.0,0.0,0.0,0.0,0.0,1.0,1.0,80.85,1008.7,2024
1,0.0,0.0,9,1.0,1.0,0.0,0.0,0.0,0.0,0.0,1.0,1.0,83.85,790.15,9444
0,0.0,0.0,44,1.0,0.0,0.0,0.0,1.0,1.0,1.0,1.0,0.0,100.1,4378.35,7881
0,1.0,0.0,27,1.0,0.0,0.0,0.0,0.0,0.0,0.0,0.0,0.0,19.55,520.55,558
0,1.0,0.0,25,0.0,0.0,0.0,0.0,1.0,0.0,1.0,0.0,1.0,38.1,970.4,4642
0,1.0,1.0,48,1.0,0.0,0.0,0.0,0.0,0.0,0.0,0.0,0.0,20.65,1057.0,9589
0,0.0,0.0,70,0.0,0.0,0.0,0.0,0.0,1.0,0.0,1.0,1.0,40.05,2799.75,1297
0,0.0,0.0,71,1.0,1.0,1.0,1.0,1.0,0.0,1.0,1.0,1.0,106.75,1412.4,4270
0,1.0,0.0,47,1.0,1.0,0.0,1.0,1.0,1.0,1.0,1.0,1.0,109.55,5124.55,5343
0,1.0,0.0,72,1.0,1.0,1.0,0.0,1.0,1.0,1.0,1.0,1.0,84.4,6096.45,7684
0,1.0,0.0,64,1.0,1.0,1.0,1.0,1.0,1.0,0.0,1.0,1.0,81.3,5129.3,3303
0,0.0,0.0,48,1.0,1.0,0.0,0.0,0.0,0.0,0.0,0.0,0.0,24.0,1183.05,5291
0,1.0,0.0,2,1.0,0.0,0.0,0.0,0.0,1.0,1.0,1.0,1.0,94.2,167.5,1673
0,0.0,0.0,17,1.0,0.0,1.0,1.0,0.0,0.0,0.0,0.0,1.0,55.5,934.15,4697
1,0.0,0.0,2,1.0,0.0,0.0,0.0,1.0,0.0,0.0,0.0,0.0,49.95,107.1,1931
0,1.0,1.0,64,1.0,1.0,0.0,1.0,1.0,0.0,0.0,1.0,1.0,92.85,5980.75,8412
0,1.0,0.0,71,1.0,1.0,1.0,1.0,1.0,1.0,1.0,1.0,1.0,116.1,8310.55,8482
0,1.0,1.0,22,1.0,0.0,0.0,0.0,0.0,0.0,0.0,0.0,0.0,20.15,419.9,9358
0,0.0,1.0,17,1.0,0.0,0.0,0.0,0.0,0.0,0.0,0.0,0.0,44.6,681.4,2475
1,1.0,1.0,11,1.0,1.0,0.0,0.0,0.0,0.0,0.0,0.0,1.0,75.2,775.3,6833
0,0.0,0.0,35,1.0,0.0,0.0,0.0,1.0,0.0,0.0,1.0,1.0,62.1,2096.1,6566
1,1.0,0.0,7,1.0,1.0,0.0,0.0,0.0,0.0,0.0,1.0,1.0,84.55,646.85,438
0,1.0,0.0,8,1.0,0.0,0.0,0.0,0.0,0.0,0.0,0.0,0.0,20.15,156.25,5073
0,1.0,1.0,69,0.0,0.0,1.0,0.0,1.0,1.0,0.0,0.0,0.0,39.1,2779.5,3832
0,0.0,0.0,37,1.0,1.0,0.0,1.0,1.0,0.0,1.0,1.0,1.0,101.9,3545.35,7337
0,1.0,0.0,2,1.0,0.0,0.0,0.0,0.0,0.0,0.0,0.0,1.0,70.7,141.45,9104
0,1.0,0.0,1,1.0,0.0,0.0,0.0,0.0,0.0,0.0,0.0,1.0,45.0,45.0,5134
0,1.0,1.0,22,1.0,0.0,0.0,0.0,0.0,0.0,0.0,0.0,0.0,19.95,433.5,4922
0,1.0,0.0,56,1.0,1.0,0.0,1.0,1.0,0.0,0.0,0.0,0.0,59.5,3389.25,826
0,1.0,1.0,65,1.0,1.0,0.0,1.0,0.0,1.0,1.0,1.0,1.0,79.4,5071.9,7621
0,1.0,0.0,49,1.0,0.0,0.0,0.0,0.0,0.0,0.0,0.0,1.0,20.15,1412.4,5476
0,1.0,1.0,20,1.0,0.0,0.0,0.0,0.0,0.0,1.0,1.0,1.0,90.2,1412.4,6515
0,1.0,1.0,37,0.0,0.0,1.0,0.0,1.0,1.0,0.0,0.0,1.0,40.2,1525.35,9211
0,1.0,1.0,72,1.0,1.0,1.0,1.0,1.0,1.0,1.0,1.0,1.0,91.95,6614.9,6878
1,1.0,0.0,70,1.0,1.0,0.0,1.0,0.0,1.0,1.0,1.0,1.0,105.55,7195.35,3768
0,1.0,1.0,3,1.0,1.0,0.0,0.0,0.0,0.0,0.0,1.0,1.0,84.75,264.85,1731
0,0.0,0.0,40,1.0,1.0,0.0,0.0,1.0,1.0,1.0,1.0,0.0,104.8,4131.95,8601
0,0.0,0.0,5,1.0,1.0,0.0,1.0,1.0,0.0,1.0,1.0,0.0,105.3,550.6,5323
0,1.0,1.0,38,1.0,1.0,1.0,0.0,1.0,1.0,1.0,1.0,1.0,85.4,3297.0,8879
1,0.0,0.0,66,1.0,1.0,0.0,1.0,1.0,1.0,1.0,1.0,0.0,110.9,7432.05,9282
0,0.0,0.0,49,1.0,0.0,0.0,0.0,1.0,1.0,1.0,1.0,0.0,100.65,4917.75,2263
0,1.0,0.0,43,1.0,0.0,1.0,0.0,0.0,1.0,0.0,0.0,0.0,34.0,1505.35,9985
0,0.0,0.0,69,1.0,0.0,0.0,0.0,0.0,0.0,0.0,0.0,1.0,19.3,1447.9,3094
0,0.0,0.0,31,1.0,0.0,0.0,1.0,0.0,0.0,1.0,1.0,1.0,94.5,2979.2,5735
0,1.0,1.0,22,1.0,0.0,1.0,1.0,1.0,0.0,0.0,0.0,0.0,61.15,1422.05,4995
0,1.0,0.0,71,1.0,0.0,0.0,1.0,1.0,1.0,1.0,1.0,1.0,105.25,7291.75,1609
0,1.0,1.0,54,1.0,0.0,0.0,0.0,0.0,0.0,0.0,0.0,1.0,20.35,1092.35,4790
0,0.0,0.0,28,1.0,1.0,1.0,1.0,0.0,0.0,0.0,1.0,1.0,94.5,2659.4,8820
0,1.0,0.0,72,1.0,1.0,1.0,1.0,1.0,1.0,1.0,1.0,1.0,89.05,6254.45,3703
1,0.0,0.0,2,1.0,0.0,0.0,0.0,0.0,0.0,1.0,0.0,0.0,81.5,162.55,7645
0,1.0,0.0,11,1.0,0.0,0.0,0.0,0.0,0.0,0.0,0.0,1.0,20.55,184.95,9978
1,1.0,0.0,45,1.0,1.0,0.0,1.0,1.0,1.0,1.0,0.0,1.0,98.7,4525.8,1726
0,1.0,0.0,57,1.0,1.0,0.0,1.0,1.0,0.0,1.0,1.0,1.0,104.5,5921.35,3374
0,1.0,0.0,7,1.0,0.0,0.0,0.0,0.0,0.0,1.0,0.0,1.0,81.1,576.65,7442
0,0.0,0.0,50,1.0,1.0,1.0,1.0,0.0,1.0,1.0,1.0,1.0,109.65,5551.15,6983
0,0.0,1.0,24,1.0,0.0,0.0,0.0,0.0,0.0,0.0,0.0,0.0,21.05,531.55,4801
0,0.0,0.0,28,1.0,0.0,0.0,0.0,0.0,0.0,0.0,0.0,0.0,18.25,1412.4,7288
0,1.0,0.0,55,1.0,1.0,0.0,1.0,0.0,0.0,0.0,0.0,1.0,77.75,4266.4,5125
0,0.0,0.0,1,1.0,0.0,0.0,0.0,0.0,0.0,0.0,0.0,0.0,19.65,19.65,5979
0,0.0,1.0,49,1.0,0.0,0.0,0.0,0.0,0.0,0.0,0.0,0.0,19.45,921.3,7466
0,0.0,0.0,22,1.0,1.0,0.0,0.0,0.0,0.0,0.0,0.0,0.0,26.25,605.9,5028
1,0.0,0.0,9,1.0,1.0,0.0,0.0,0.0,0.0,0.0,0.0,1.0,74.05,678.45,2022
0,1.0,1.0,51,1.0,1.0,1.0,1.0,0.0,0.0,0.0,1.0,1.0,93.8,4539.35,2767
1,0.0,0.0,13,1.0,0.0,0.0,0.0,0.0,0.0,1.0,1.0,1.0,90.5,1201.15,8825
0,0.0,0.0,18,1.0,1.0,0.0,0.0,0.0,0.0,0.0,0.0,1.0,74.15,1345.75,7571
0,0.0,1.0,72,1.0,0.0,0.0,0.0,0.0,0.0,0.0,0.0,1.0,19.75,1567.0,8336
0,1.0,0.0,50,1.0,1.0,0.0,0.0,1.0,0.0,1.0,1.0,0.0,75.7,3876.2,6161
0,0.0,1.0,33,1.0,0.0,0.0,0.0,0.0,0.0,0.0,0.0,1.0,20.15,682.15,2346
0,0.0,0.0,34,1.0,0.0,1.0,1.0,0.0,0.0,0.0,0.0,0.0,55.0,1885.15,2194
0,0.0,0.0,34,1.0,1.0,1.0,1.0,0.0,1.0,0.0,0.0,1.0,64.4,2088.75,9125
0,1.0,1.0,15,1.0,0.0,0.0,0.0,0.0,0.0,0.0,0.0,0.0,20.55,295.95,7817
0,1.0,1.0,46,1.0,0.0,1.0,0.0,1.0,1.0,1.0,1.0,0.0,81.0,3846.35,6909
1,1.0,0.0,50,1.0,1.0,1.0,1.0,1.0,0.0,1.0,1.0,0.0,108.75,5431.9,594
0,1.0,1.0,7,1.0,0.0,0.0,0.0,0.0,0.0,0.0,0.0,1.0,69.95,529.5,6694
0,1.0,1.0,49,1.0,0.0,1.0,0.0,1.0,1.0,0.0,0.0,0.0,61.75,3024.15,268
1,1.0,0.0,50,1.0,1.0,1.0,0.0,1.0,0.0,1.0,1.0,1.0,105.05,5163.3,2799
1,0.0,0.0,24,1.0,0.0,0.0,0.0,0.0,0.0,0.0,0.0,1.0,20.3,459.95,1739
0,1.0,0.0,49,1.0,1.0,0.0,1.0,0.0,0.0,1.0,1.0,1.0,99.05,4853.75,3280
0,0.0,0.0,1,1.0,0.0,0.0,0.0,0.0,0.0,0.0,0.0,0.0,20.55,20.55,7959
0,1.0,1.0,51,1.0,0.0,0.0,0.0,0.0,0.0,0.0,0.0,0.0,19.95,1028.75,6493
0,0.0,1.0,67,1.0,1.0,0.0,1.0,0.0,1.0,1.0,1.0,1.0,106.6,7244.7,6271
0,1.0,1.0,56,1.0,1.0,0.0,1.0,1.0,1.0,0.0,1.0,1.0,99.75,1412.4,9342
0,1.0,0.0,8,1.0,1.0,0.0,0.0,0.0,0.0,0.0,1.0,1.0,85.65,1412.4,7874
1,1.0,0.0,70,1.0,1.0,1.0,1.0,1.0,1.0,1.0,1.0,1.0,92.2,6474.45,9063
0,0.0,0.0,9,1.0,0.0,0.0,0.0,0.0,0.0,0.0,1.0,1.0,80.8,713.1,7732
1,1.0,1.0,38,1.0,1.0,0.0,1.0,0.0,0.0,1.0,1.0,0.0,101.15,3741.85,3206
0,0.0,0.0,1,1.0,0.0,0.0,0.0,0.0,0.0,0.0,0.0,0.0,45.15,45.15,8984
0,1.0,1.0,56,1.0,0.0,1.0,1.0,1.0,0.0,0.0,0.0,1.0,59.8,3457.45,798
1,1.0,0.0,71,1.0,1.0,1.0,1.0,1.0,1.0,0.0,1.0,1.0,82.7,5831.2,2689
0,1.0,0.0,27,1.0,1.0,0.0,0.0,0.0,0.0,1.0,1.0,0.0,95.0,2462.55,9531
0,1.0,0.0,44,1.0,0.0,0.0,0.0,0.0,0.0,1.0,1.0,1.0,90.65,3974.15,5136
0,0.0,1.0,18,1.0,1.0,1.0,0.0,0.0,0.0,0.0,0.0,0.0,57.65,992.7,4759
0,0.0,0.0,2,1.0,1.0,0.0,0.0,0.0,0.0,0.0,0.0,0.0,24.85,62.0,8013
0,1.0,1.0,72,1.0,1.0,1.0,1.0,0.0,1.0,0.0,0.0,0.0,66.75,4760.3,6015
0,0.0,0.0,69,1.0,1.0,1.0,1.0,1.0,1.0,0.0,1.0,1.0,78.6,5356.45,8244
0,0.0,1.0,4,1.0,1.0,0.0,1.0,0.0,0.0,1.0,0.0,0.0,89.6,365.65,5143
1,0.0,0.0,2,1.0,0.0,0.0,0.0,0.0,0.0,0.0,1.0,1.0,79.6,195.05,2682
1,0.0,0.0,41,1.0,0.0,0.0,0.0,1.0,1.0,1.0,1.0,1.0,101.1,4016.2,5931
0,0.0,0.0,9,1.0,0.0,0.0,1.0,0.0,1.0,1.0,0.0,0.0,66.25,620.55,2938
0,0.0,0.0,3,1.0,0.0,0.0,1.0,0.0,1.0,1.0,1.0,1.0,75.3,244.1,6226
0,0.0,0.0,6,0.0,0.0,0.0,0.0,1.0,0.0,1.0,1.0,1.0,47.95,305.1,9277
0,0.0,0.0,38,1.0,0.0,0.0,0.0,0.0,0.0,0.0,0.0,0.0,20.05,741.5,1463
0,0.0,0.0,13,0.0,0.0,1.0,0.0,0.0,0.0,0.0,0.0,1.0,30.85,394.1,3363
0,1.0,1.0,72,1.0,1.0,1.0,1.0,1.0,1.0,1.0,1.0,1.0,90.8,6397.6,1126
0,1.0,0.0,30,1.0,0.0,0.0,0.0,1.0,0.0,0.0,0.0,1.0,50.0,1474.9,4982
1,0.0,0.0,64,1.0,1.0,0.0,1.0,1.0,1.0,0.0,1.0,0.0,74.65,4869.35,6047
0,0.0,0.0,27,1.0,1.0,0.0,0.0,1.0,1.0,0.0,0.0,0.0,59.45,1611.65,5876
0,1.0,1.0,24,0.0,0.0,1.0,1.0,1.0,0.0,1.0,1.0,0.0,57.6,1367.75,7708
0,1.0,0.0,22,1.0,1.0,1.0,0.0,0.0,1.0,1.0,0.0,0.0,95.9,2234.95,4413
0,0.0,0.0,27,1.0,0.0,1.0,1.0,0.0,0.0,0.0,0.0,0.0,52.85,1498.65,6596
0,0.0,0.0,15,1.0,1.0,0.0,1.0,0.0,0.0,1.0,1.0,1.0,100.15,1415.0,427
0,1.0,0.0,26,1.0,0.0,0.0,1.0,1.0,0.0,1.0,1.0,1.0,73.5,1905.7,3554
1,0.0,0.0,3,0.0,0.0,0.0,0.0,0.0,0.0,0.0,0.0,0.0,25.3,77.75,2424
0,0.0,0.0,1,1.0,1.0,0.0,0.0,0.0,0.0,0.0,0.0,1.0,77.15,77.15,4334
0,0.0,0.0,42,1.0,1.0,0.0,0.0,1.0,0.0,0.0,0.0,0.0,79.9,3313.4,4996
0,1.0,1.0,15,1.0,0.0,0.0,0.0,0.0,0.0,0.0,0.0,0.0,20.35,335.95,185
0,1.0,1.0,39,1.0,1.0,0.0,0.0,0.0,1.0,1.0,1.0,1.0,99.95,3767.4,9317
0,0.0,0.0,1,1.0,0.0,0.0,0.0,0.0,0.0,0.0,0.0,1.0,44.8,44.8,8132
0,0.0,0.0,1,1.0,0.0,1.0,0.0,0.0,0.0,0.0,0.0,1.0,48.55,48.55,6157
0,0.0,0.0,48,1.0,0.0,1.0,0.0,1.0,1.0,0.0,0.0,1.0,60.35,2896.4,7892
0,1.0,0.0,8,1.0,0.0,0.0,0.0,0.0,0.0,0.0,0.0,0.0,20.25,158.35,2107
0,0.0,0.0,72,1.0,1.0,1.0,1.0,1.0,1.0,1.0,1.0,0.0,115.05,8405.0,8440
0,1.0,1.0,15,1.0,1.0,0.0,0.0,1.0,1.0,0.0,0.0,1.0,59.65,867.1,9497
0,0.0,0.0,12,1.0,0.0,0.0,0.0,0.0,0.0,0.0,0.0,0.0,43.8,540.95,9566
0,0.0,0.0,50,1.0,0.0,1.0,1.0,0.0,1.0,0.0,1.0,1.0,93.5,4747.5,2245
0,1.0,0.0,53,0.0,0.0,0.0,1.0,1.0,1.0,1.0,1.0,1.0,60.45,3184.25,3073
0,1.0,1.0,2,1.0,0.0,0.0,0.0,0.0,0.0,0.0,0.0,0.0,69.95,143.9,4486
0,0.0,0.0,10,1.0,0.0,0.0,0.0,0.0,0.0,0.0,0.0,1.0,20.9,247.0,4204
0,0.0,0.0,7,1.0,1.0,0.0,0.0,0.0,0.0,0.0,0.0,1.0,74.9,541.15,3641
0,1.0,1.0,58,1.0,0.0,0.0,0.0,0.0,0.0,0.0,0.0,0.0,19.55,1079.65,6733
0,1.0,0.0,72,1.0,1.0,1.0,1.0,1.0,0.0,1.0,1.0,1.0,109.65,7880.25,3150
1,0.0,0.0,1,1.0,0.0,0.0,0.0,0.0,1.0,0.0,0.0,0.0,74.7,74.7,5384
0,1.0,0.0,56,1.0,1.0,0.0,0.0,0.0,0.0,1.0,0.0,1.0,85.6,4902.8,9129
1,1.0,0.0,24,1.0,0.0,0.0,0.0,1.0,0.0,1.0,1.0,1.0,93.15,1412.4,4816
0,0.0,0.0,8,1.0,1.0,1.0,0.0,0.0,1.0,1.0,1.0,1.0,103.35,847.3,318
0,1.0,0.0,56,1.0,1.0,1.0,1.0,1.0,0.0,0.0,0.0,1.0,93.15,5253.95,1933
0,1.0,0.0,72,1.0,1.0,1.0,1.0,1.0,1.0,1.0,1.0,0.0,115.15,8349.7,4867
1,1.0,0.0,24,0.0,0.0,0.0,0.0,1.0,1.0,0.0,0.0,0.0,34.25,828.2,5927
0,1.0,0.0,46,1.0,1.0,1.0,0.0,0.0,0.0,0.0,0.0,0.0,53.1,2459.8,5801
0,0.0,0.0,16,1.0,1.0,0.0,1.0,1.0,0.0,0.0,1.0,1.0,95.6,1555.65,7347
0,0.0,0.0,17,0.0,0.0,0.0,0.0,0.0,0.0,0.0,0.0,0.0,25.1,382.8,7498
0,1.0,1.0,62,1.0,0.0,1.0,0.0,1.0,1.0,0.0,1.0,0.0,71.4,4487.3,5230
0,1.0,1.0,30,1.0,0.0,0.0,0.0,0.0,0.0,0.0,0.0,0.0,19.3,602.9,4508
0,0.0,0.0,5,1.0,1.0,0.0,0.0,0.0,0.0,0.0,0.0,0.0,25.45,134.75,4882
0,0.0,1.0,8,0.0,0.0,1.0,0.0,0.0,1.0,0.0,1.0,1.0,44.55,343.45,9794
0,0.0,0.0,33,1.0,0.0,0.0,0.0,0.0,0.0,0.0,0.0,0.0,20.35,689.75,8303
1,1.0,0.0,71,1.0,1.0,0.0,0.0,0.0,0.0,0.0,0.0,0.0,24.85,1412.4,8334
0,1.0,0.0,72,1.0,1.0,1.0,1.0,1.0,1.0,0.0,1.0,0.0,79.55,5810.9,7978
0,0.0,0.0,11,1.0,0.0,0.0,0.0,0.0,0.0,0.0,0.0,0.0,20.35,215.25,3857
0,1.0,1.0,70,1.0,0.0,1.0,0.0,0.0,1.0,1.0,1.0,0.0,75.35,5437.75,2067
0,1.0,1.0,4,1.0,0.0,0.0,0.0,0.0,0.0,1.0,0.0,1.0,78.9,299.75,3901
0,0.0,0.0,1,1.0,1.0,1.0,0.0,0.0,0.0,0.0,0.0,1.0,81.7,81.7,7579
0,0.0,0.0,4,1.0,0.0,0.0,0.0,0.0,0.0,0.0,0.0,0.0,19.0,78.9,447
1,1.0,0.0,64,1.0,1.0,0.0,0.0,0.0,0.0,0.0,0.0,0.0,25.65,1740.8,1332
1,0.0,0.0,4,1.0,1.0,1.0,0.0,0.0,0.0,0.0,0.0,1.0,80.25,303.7,7516
1,0.0,0.0,14,1.0,1.0,0.0,0.0,0.0,0.0,0.0,0.0,1.0,74.95,1036.75,6396
1,1.0,0.0,66,1.0,1.0,0.0,1.0,1.0,1.0,1.0,1.0,1.0,107.35,7051.95,4169
0,0.0,0.0,1,1.0,0.0,0.0,0.0,0.0,0.0,0.0,0.0,1.0,20.2,20.2,1285
0,1.0,1.0,9,1.0,1.0,0.0,1.0,0.0,0.0,0.0,0.0,1.0,55.3,501.2,3715
1,0.0,0.0,43,1.0,0.0,0.0,0.0,0.0,0.0,1.0,1.0,1.0,89.55,3856.75,8461
1,1.0,0.0,61,1.0,1.0,0.0,1.0,0.0,1.0,0.0,0.0,1.0,85.55,5251.75,9217
1,1.0,1.0,66,1.0,1.0,0.0,1.0,1.0,0.0,1.0,1.0,1.0,104.9,6891.45,8611
1,1.0,0.0,72,1.0,1.0,1.0,1.0,1.0,0.0,1.0,1.0,1.0,84.1,5981.65,3631
0,1.0,1.0,61,1.0,1.0,1.0,1.0,1.0,1.0,1.0,1.0,0.0,88.1,5526.75,7005
0,0.0,0.0,2,1.0,0.0,0.0,0.0,0.0,0.0,0.0,0.0,1.0,45.0,96.45,6026
0,0.0,0.0,1,1.0,0.0,1.0,0.0,0.0,0.0,0.0,0.0,0.0,49.75,49.75,5362
0,1.0,1.0,51,1.0,1.0,0.0,0.0,1.0,0.0,0.0,1.0,1.0,90.15,4554.85,9850
0,1.0,0.0,67,1.0,1.0,0.0,1.0,1.0,1.0,1.0,1.0,1.0,109.7,7344.45,8253
0,0.0,0.0,25,1.0,0.0,1.0,0.0,1.0,1.0,1.0,1.0,1.0,105.5,1412.4,9520
0,0.0,0.0,13,1.0,0.0,0.0,1.0,0.0,1.0,1.0,1.0,0.0,73.35,931.55,6311
0,1.0,1.0,28,1.0,1.0,1.0,1.0,1.0,1.0,1.0,1.0,1.0,116.4,8543.25,7002
0,1.0,1.0,19,0.0,0.0,1.0,1.0,0.0,0.0,0.0,0.0,1.0,34.95,610.2,9227
0,1.0,0.0,28,1.0,1.0,0.0,0.0,1.0,1.0,1.0,1.0,1.0,104.8,3046.05,1661
0,0.0,0.0,3,1.0,0.0,0.0,0.0,0.0,0.0,0.0,0.0,1.0,20.25,61.45,6784
0,0.0,0.0,20,1.0,1.0,1.0,0.0,0.0,0.0,1.0,0.0,1.0,89.1,1879.25,1006
0,0.0,0.0,64,1.0,1.0,0.0,0.0,1.0,0.0,1.0,1.0,1.0,100.05,6254.2,1497
0,0.0,1.0,27,1.0,0.0,0.0,0.0,0.0,0.0,0.0,0.0,0.0,20.05,552.9,8470
0,1.0,0.0,63,1.0,1.0,0.0,1.0,1.0,0.0,1.0,1.0,1.0,103.4,6603.0,2617
0,1.0,0.0,33,1.0,0.0,0.0,0.0,0.0,1.0,0.0,0.0,1.0,51.45,1758.9,9549
1,1.0,0.0,72,1.0,1.0,1.0,1.0,1.0,1.0,1.0,1.0,1.0,89.85,6697.35,5108
0,0.0,0.0,20,1.0,0.0,0.0,0.0,0.0,0.0,0.0,0.0,1.0,18.9,347.65,8502
0,1.0,0.0,51,1.0,1.0,0.0,0.0,0.0,1.0,1.0,1.0,1.0,75.2,3901.25,5988
0,0.0,0.0,52,1.0,0.0,0.0,0.0,1.0,0.0,0.0,1.0,1.0,83.8,4331.4,4559
0,1.0,1.0,19,1.0,1.0,0.0,0.0,1.0,1.0,1.0,1.0,0.0,103.3,2012.7,8757
0,1.0,1.0,67,0.0,0.0,1.0,0.0,0.0,1.0,0.0,0.0,0.0,35.7,2545.7,5277
0,1.0,0.0,69,1.0,1.0,1.0,1.0,1.0,1.0,1.0,1.0,1.0,116.0,8182.85,9326
0,1.0,0.0,66,1.0,1.0,1.0,1.0,1.0,0.0,0.0,0.0,1.0,66.1,4428.45,7899
0,1.0,0.0,9,1.0,0.0,0.0,1.0,1.0,0.0,0.0,0.0,1.0,79.9,741.7,7722
0,0.0,1.0,12,1.0,1.0,0.0,0.0,0.0,0.0,0.0,0.0,1.0,73.75,871.4,767
0,0.0,0.0,1,1.0,0.0,0.0,0.0,0.0,0.0,0.0,0.0,1.0,20.2,20.2,2625
0,1.0,0.0,2,1.0,0.0,0.0,0.0,0.0,0.0,0.0,0.0,1.0,70.4,154.8,9482
0,1.0,1.0,31,1.0,0.0,0.0,0.0,1.0,1.0,0.0,0.0,0.0,54.35,1647.0,4602
0,1.0,1.0,24,1.0,1.0,0.0,0.0,0.0,0.0,0.0,0.0,1.0,24.1,587.4,9100
0,1.0,1.0,67,1.0,1.0,0.0,1.0,0.0,1.0,1.0,0.0,0.0,94.1,6302.8,1836
0,1.0,1.0,44,1.0,1.0,0.0,1.0,1.0,0.0,0.0,1.0,0.0,94.4,4295.35,7910
0,1.0,1.0,12,0.0,0.0,0.0,1.0,0.0,0.0,0.0,0.0,0.0,29.2,309.1,1268
1,0.0,0.0,18,1.0,1.0,0.0,1.0,0.0,1.0,0.0,0.0,1.0,85.45,1505.85,6415
0,1.0,1.0,70,1.0,1.0,0.0,0.0,0.0,0.0,0.0,0.0,0.0,24.05,1764.75,7344
0,0.0,0.0,2,1.0,0.0,1.0,0.0,1.0,0.0,0.0,0.0,0.0,53.45,119.5,9315
1,0.0,0.0,6,1.0,1.0,0.0,1.0,0.0,0.0,1.0,1.0,1.0,98.25,560.6,2019
0,1.0,1.0,72,1.0,1.0,1.0,1.0,1.0,1.0,1.0,1.0,0.0,92.65,6733.0,4151
0,0.0,0.0,26,1.0,0.0,0.0,0.0,0.0,0.0,1.0,1.0,1.0,88.8,2274.35,8629
0,0.0,0.0,1,1.0,0.0,0.0,0.0,0.0,0.0,0.0,0.0,1.0,45.4,45.4,6249
0,1.0,0.0,65,1.0,1.0,0.0,1.0,1.0,1.0,1.0,1.0,1.0,107.65,7082.85,9629
0,1.0,0.0,23,1.0,1.0,0.0,1.0,1.0,0.0,0.0,0.0,0.0,84.25,1968.1,453
0,0.0,0.0,3,1.0,0.0,0.0,0.0,0.0,0.0,0.0,0.0,0.0,20.2,65.95,8565
0,0.0,1.0,66,1.0,1.0,1.0,1.0,0.0,1.0,0.0,0.0,0.0,65.7,4378.9,4922
1,1.0,0.0,16,1.0,0.0,0.0,0.0,1.0,1.0,0.0,1.0,1.0,91.55,1412.4,3428
1,0.0,0.0,65,1.0,0.0,0.0,1.0,1.0,0.0,1.0,1.0,1.0,99.1,6496.15,9274
0,0.0,0.0,3,1.0,0.0,0.0,0.0,0.0,0.0,0.0,0.0,0.0,19.85,64.55,2719
0,1.0,1.0,71,1.0,1.0,1.0,1.0,1.0,1.0,1.0,1.0,0.0,90.4,6668.05,7679
0,0.0,0.0,45,1.0,0.0,1.0,1.0,1.0,1.0,1.0,1.0,0.0,112.2,5031.85,601
1,1.0,0.0,52,1.0,1.0,0.0,1.0,1.0,0.0,1.0,1.0,1.0,106.5,5621.85,1084
0,0.0,1.0,28,1.0,0.0,0.0,1.0,0.0,1.0,0.0,0.0,1.0,54.4,1516.6,6068
0,0.0,0.0,21,1.0,1.0,0.0,0.0,0.0,0.0,0.0,1.0,1.0,84.1,1737.45,7718
0,1.0,1.0,72,1.0,1.0,1.0,1.0,1.0,1.0,1.0,1.0,1.0,115.8,8476.5,7216
0,1.0,1.0,50,1.0,1.0,1.0,0.0,1.0,0.0,1.0,1.0,0.0,105.95,5341.8,4277
0,0.0,0.0,2,1.0,0.0,0.0,0.0,0.0,0.0,0.0,0.0,0.0,68.95,119.75,3914
0,0.0,0.0,16,1.0,0.0,0.0,0.0,0.0,1.0,0.0,0.0,1.0,49.45,799.0,9115
0,0.0,0.0,19,1.0,0.0,0.0,0.0,0.0,0.0,0.0,0.0,1.0,19.7,386.5,5288
0,0.0,0.0,11,0.0,0.0,0.0,0.0,1.0,0.0,1.0,0.0,1.0,41.6,470.6,8507
1,1.0,1.0,61,1.0,1.0,0.0,1.0,0.0,0.0,1.0,1.0,0.0,99.0,5969.3,6494
0,1.0,0.0,28,1.0,1.0,0.0,0.0,0.0,0.0,0.0,0.0,0.0,25.55,672.2,3932
1,1.0,0.0,21,1.0,0.0,0.0,0.0,1.0,0.0,1.0,0.0,0.0,86.55,1857.25,2263
0,0.0,0.0,33,1.0,1.0,0.0,1.0,1.0,0.0,1.0,1.0,0.0,107.55,3645.5,911
0,1.0,1.0,2,1.0,0.0,0.0,0.0,0.0,0.0,1.0,1.0,0.0,65.7,134.35,4813
0,0.0,1.0,9,1.0,0.0,0.0,0.0,1.0,1.0,1.0,1.0,1.0,72.9,651.4,7137
0,1.0,1.0,47,1.0,1.0,0.0,0.0,0.0,0.0,0.0,0.0,0.0,24.55,1412.4,6441
0,1.0,0.0,17,1.0,0.0,0.0,0.0,0.0,0.0,0.0,0.0,1.0,70.4,1214.05,2261
1,0.0,0.0,72,1.0,1.0,0.0,0.0,0.0,0.0,0.0,0.0,0.0,25.4,1809.35,295
0,0.0,0.0,68,1.0,1.0,1.0,1.0,1.0,0.0,0.0,1.0,0.0,76.75,5233.25,1407
0,1.0,0.0,59,1.0,1.0,0.0,0.0,1.0,0.0,1.0,1.0,1.0,99.5,5961.1,7680
0,1.0,0.0,38,1.0,0.0,0.0,0.0,0.0,0.0,0.0,0.0,1.0,20.25,814.75,9141
0,0.0,0.0,32,1.0,1.0,0.0,1.0,1.0,0.0,1.0,1.0,1.0,104.05,3416.85,2139
0,0.0,0.0,54,1.0,0.0,1.0,1.0,0.0,1.0,1.0,0.0,1.0,69.9,3883.3,933
1,1.0,0.0,12,1.0,0.0,0.0,0.0,0.0,0.0,0.0,1.0,1.0,80.45,950.2,1032
0,0.0,0.0,62,0.0,0.0,1.0,1.0,1.0,1.0,0.0,0.0,1.0,43.7,2618.3,8953
0,1.0,1.0,0,1.0,0.0,1.0,1.0,1.0,0.0,1.0,1.0,0.0,80.85,1412.4,734
1,1.0,0.0,1,1.0,0.0,0.0,0.0,0.0,0.0,0.0,0.0,0.0,46.0,46.0,7918
0,0.0,0.0,10,1.0,0.0,0.0,0.0,0.0,0.0,0.0,0.0,1.0,19.85,193.05,7878
0,0.0,0.0,1,1.0,0.0,0.0,1.0,0.0,0.0,0.0,0.0,0.0,49.95,49.95,9635
0,1.0,0.0,71,1.0,1.0,0.0,0.0,0.0,0.0,0.0,0.0,0.0,24.75,1412.4,6702
0,0.0,0.0,1,1.0,0.0,0.0,1.0,0.0,0.0,0.0,0.0,0.0,75.8,75.8,5549
0,0.0,0.0,60,1.0,1.0,0.0,0.0,1.0,1.0,1.0,1.0,0.0,80.55,4847.05,7995
0,1.0,0.0,54,1.0,0.0,0.0,0.0,0.0,0.0,0.0,0.0,0.0,20.05,1102.4,8565
0,0.0,1.0,10,1.0,0.0,0.0,0.0,1.0,1.0,1.0,0.0,1.0,91.1,964.35,8143
0,1.0,0.0,61,1.0,1.0,1.0,1.0,1.0,1.0,0.0,1.0,1.0,80.8,4860.85,3947
0,0.0,0.0,72,1.0,0.0,1.0,1.0,1.0,1.0,1.0,0.0,1.0,75.1,5336.35,7330
1,0.0,0.0,1,1.0,0.0,0.0,0.0,0.0,0.0,0.0,0.0,1.0,69.65,69.65,3871
0,0.0,0.0,63,1.0,0.0,1.0,1.0,1.0,1.0,1.0,1.0,1.0,86.7,5309.5,6824
0,0.0,1.0,37,1.0,0.0,1.0,1.0,0.0,1.0,0.0,0.0,0.0,61.45,2302.35,3321
0,1.0,1.0,64,1.0,0.0,1.0,0.0,1.0,1.0,1.0,0.0,0.0,69.25,4447.75,684
0,1.0,0.0,70,1.0,1.0,0.0,0.0,0.0,0.0,0.0,0.0,1.0,26.0,2006.95,996
0,0.0,0.0,1,1.0,0.0,0.0,0.0,0.0,0.0,0.0,0.0,1.0,69.5,69.5,7783
0,1.0,1.0,42,1.0,0.0,0.0,0.0,0.0,0.0,0.0,0.0,0.0,20.0,833.55,6808
0,0.0,0.0,1,0.0,0.0,0.0,0.0,0.0,0.0,0.0,0.0,0.0,25.35,1412.4,6650
0,1.0,0.0,33,1.0,0.0,0.0,0.0,0.0,0.0,1.0,1.0,0.0,91.25,2964.05,8185
0,0.0,0.0,35,1.0,0.0,1.0,1.0,1.0,0.0,0.0,0.0,0.0,61.2,2021.2,5666
0,0.0,0.0,52,1.0,1.0,1.0,1.0,1.0,1.0,1.0,1.0,1.0,89.25,4652.4,6399
0,0.0,0.0,1,1.0,1.0,0.0,0.0,0.0,0.0,0.0,0.0,1.0,25.7,25.7,4918
0,0.0,0.0,13,1.0,0.0,0.0,0.0,0.0,0.0,0.0,0.0,0.0,19.65,244.8,3454
0,0.0,0.0,4,1.0,1.0,0.0,0.0,0.0,0.0,0.0,0.0,1.0,25.3,116.95,9735
1,1.0,0.0,72,1.0,1.0,1.0,0.0,0.0,0.0,0.0,0.0,0.0,78.5,5602.25,7464
0,1.0,1.0,53,1.0,1.0,1.0,1.0,0.0,1.0,0.0,0.0,0.0,64.15,3491.55,9277
0,0.0,1.0,18,0.0,0.0,0.0,0.0,0.0,0.0,0.0,1.0,1.0,35.0,553.0,3518
0,0.0,0.0,39,1.0,0.0,0.0,0.0,0.0,0.0,0.0,0.0,0.0,20.7,762.45,4580
0,1.0,0.0,72,1.0,1.0,0.0,1.0,1.0,1.0,1.0,1.0,1.0,110.15,7998.8,7241
0,0.0,1.0,4,1.0,0.0,0.0,0.0,1.0,1.0,1.0,1.0,1.0,98.1,396.3,2928
0,0.0,0.0,43,1.0,0.0,0.0,1.0,0.0,0.0,0.0,1.0,1.0,60.0,2548.55,3845
0,1.0,1.0,62,1.0,0.0,0.0,0.0,0.0,0.0,0.0,0.0,0.0,19.95,1244.8,5993
1,1.0,0.0,68,1.0,0.0,0.0,1.0,1.0,1.0,0.0,0.0,1.0,60.65,3975.9,1643
0,1.0,0.0,37,1.0,1.0,1.0,0.0,1.0,0.0,1.0,1.0,0.0,79.25,2911.8,5560
0,0.0,1.0,13,1.0,0.0,0.0,0.0,0.0,0.0,0.0,0.0,0.0,44.0,659.35,4507
1,1.0,0.0,58,1.0,1.0,0.0,1.0,0.0,0.0,1.0,1.0,1.0,97.8,5458.8,9035
0,0.0,0.0,10,1.0,1.0,0.0,0.0,0.0,0.0,0.0,0.0,1.0,74.75,799.65,6657
0,1.0,0.0,70,1.0,1.0,1.0,1.0,1.0,1.0,1.0,1.0,1.0,94.8,6859.05,8180
0,0.0,0.0,4,1.0,0.0,0.0,0.0,0.0,0.0,0.0,1.0,1.0,55.3,238.5,3560
1,1.0,0.0,54,1.0,0.0,0.0,0.0,0.0,0.0,0.0,0.0,1.0,18.95,1031.1,5002
0,1.0,1.0,62,1.0,0.0,0.0,1.0,1.0,0.0,1.0,1.0,1.0,100.15,6283.3,6678
0,0.0,0.0,31,1.0,1.0,0.0,1.0,0.0,1.0,1.0,0.0,1.0,71.05,2168.15,8906
0,1.0,1.0,72,0.0,0.0,1.0,1.0,1.0,1.0,0.0,0.0,0.0,45.25,3139.8,4388
1,0.0,0.0,29,1.0,0.0,0.0,1.0,1.0,0.0,1.0,1.0,1.0,101.45,2948.6,4069
0,0.0,0.0,7,1.0,0.0,0.0,0.0,0.0,0.0,0.0,0.0,1.0,69.85,515.45,5553
0,1.0,0.0,45,1.0,1.0,1.0,0.0,1.0,0.0,0.0,0.0,1.0,84.55,3713.95,479
0,0.0,0.0,1,1.0,0.0,0.0,0.0,0.0,0.0,0.0,0.0,0.0,20.45,20.45,4930
0,0.0,0.0,14,1.0,1.0,0.0,0.0,1.0,0.0,0.0,0.0,1.0,80.45,1072.0,4659
1,1.0,0.0,72,1.0,1.0,0.0,1.0,1.0,1.0,1.0,0.0,0.0,77.35,5396.25,9229
1,0.0,0.0,22,1.0,0.0,1.0,1.0,0.0,0.0,0.0,0.0,0.0,81.7,1820.9,7326
0,0.0,0.0,62,1.0,1.0,1.0,1.0,0.0,1.0,0.0,1.0,0.0,102.0,6529.25,9128
0,1.0,0.0,59,1.0,1.0,1.0,1.0,1.0,1.0,1.0,0.0,1.0,106.75,6252.9,8018
0,0.0,0.0,1,1.0,0.0,0.0,0.0,0.0,0.0,0.0,0.0,1.0,45.6,45.6,5090
0,0.0,0.0,22,1.0,0.0,0.0,0.0,0.0,0.0,0.0,0.0,0.0,19.6,422.5,9174
0,1.0,1.0,67,1.0,0.0,0.0,0.0,0.0,0.0,0.0,0.0,1.0,19.25,1372.9,4696
0,0.0,0.0,34,1.0,1.0,1.0,1.0,1.0,1.0,1.0,1.0,0.0,116.25,3899.05,233
0,0.0,0.0,70,1.0,1.0,1.0,1.0,1.0,0.0,1.0,1.0,1.0,111.15,1412.4,5956
0,0.0,0.0,16,1.0,0.0,1.0,0.0,0.0,0.0,0.0,0.0,1.0,50.15,762.25,286
0,1.0,1.0,49,1.0,1.0,0.0,0.0,0.0,0.0,1.0,1.0,1.0,95.4,4613.95,7422
0,1.0,1.0,32,1.0,1.0,1.0,0.0,0.0,0.0,1.0,1.0,1.0,99.55,1412.4,2785
0,1.0,0.0,70,1.0,0.0,0.0,0.0,0.0,0.0,0.0,0.0,0.0,19.45,1303.5,8056
0,1.0,0.0,66,1.0,1.0,1.0,1.0,1.0,1.0,0.0,0.0,0.0,96.6,6424.25,6035
0,0.0,0.0,7,1.0,1.0,0.0,0.0,0.0,0.0,0.0,0.0,1.0,73.85,511.25,2200
1,1.0,0.0,66,1.0,1.0,0.0,0.0,1.0,1.0,1.0,1.0,1.0,105.95,6975.25,477
0,1.0,1.0,11,1.0,0.0,0.0,0.0,0.0,0.0,0.0,0.0,0.0,20.95,267.35,4777
0,0.0,0.0,41,1.0,0.0,0.0,1.0,0.0,1.0,1.0,1.0,1.0,99.65,4220.35,3642
1,1.0,0.0,70,1.0,1.0,0.0,1.0,1.0,0.0,1.0,1.0,1.0,102.95,7101.5,5462
1,1.0,0.0,46,1.0,1.0,0.0,0.0,0.0,1.0,1.0,1.0,0.0,100.25,4753.85,6047
0,0.0,0.0,66,1.0,1.0,0.0,0.0,0.0,0.0,0.0,0.0,0.0,25.45,1699.15,5950
0,1.0,1.0,72,1.0,1.0,1.0,0.0,1.0,0.0,1.0,1.0,0.0,105.25,7609.75,1806
0,0.0,0.0,2,1.0,1.0,0.0,0.0,0.0,0.0,0.0,0.0,1.0,76.5,162.45,4040
1,1.0,0.0,36,1.0,0.0,0.0,0.0,1.0,1.0,0.0,0.0,0.0,54.1,1992.85,2102
0,1.0,1.0,17,1.0,1.0,0.0,0.0,0.0,0.0,0.0,0.0,0.0,24.1,409.9,8643
0,0.0,0.0,53,0.0,0.0,1.0,1.0,0.0,0.0,0.0,1.0,1.0,46.3,2546.85,199
0,1.0,0.0,17,1.0,1.0,0.0,0.0,0.0,0.0,1.0,1.0,0.0,92.6,1579.7,5157
0,0.0,0.0,45,1.0,0.0,1.0,0.0,1.0,1.0,1.0,1.0,0.0,81.65,3618.7,1502
0,0.0,0.0,1,1.0,0.0,0.0,0.0,1.0,0.0,1.0,1.0,0.0,94.4,94.4,865
1,0.0,0.0,1,1.0,1.0,0.0,0.0,0.0,0.0,0.0,0.0,1.0,74.7,74.7,7289
1,1.0,0.0,29,0.0,0.0,1.0,0.0,1.0,0.0,0.0,1.0,1.0,45.0,1228.65,1537
0,0.0,0.0,19,1.0,1.0,0.0,1.0,0.0,0.0,1.0,1.0,1.0,99.95,1931.75,1969
0,0.0,0.0,1,1.0,0.0,0.0,0.0,1.0,1.0,1.0,1.0,0.0,74.1,74.1,2119
0,1.0,1.0,34,0.0,0.0,1.0,0.0,1.0,1.0,1.0,1.0,0.0,61.25,1993.2,6215
1,0.0,0.0,16,1.0,0.0,0.0,0.0,0.0,0.0,0.0,0.0,0.0,69.65,1043.3,2284
0,0.0,0.0,2,1.0,0.0,0.0,0.0,0.0,0.0,0.0,0.0,0.0,70.0,153.05,8918
0,1.0,1.0,52,1.0,0.0,0.0,0.0,1.0,0.0,0.0,0.0,1.0,50.95,2610.65,1600
0,0.0,0.0,49,1.0,1.0,0.0,0.0,0.0,0.0,0.0,1.0,1.0,84.5,3906.7,9392
0,1.0,1.0,70,1.0,1.0,1.0,1.0,0.0,0.0,1.0,1.0,1.0,106.05,7554.05,8217
1,0.0,0.0,72,1.0,1.0,0.0,1.0,1.0,1.0,1.0,1.0,1.0,108.1,7774.05,9774
0,1.0,1.0,56,1.0,1.0,1.0,1.0,0.0,1.0,0.0,1.0,1.0,75.85,4261.2,4693
0,0.0,0.0,45,1.0,0.0,1.0,1.0,0.0,0.0,1.0,1.0,1.0,100.3,4483.95,3452
0,1.0,0.0,18,1.0,0.0,0.0,0.0,1.0,0.0,0.0,0.0,1.0,49.55,878.35,3848
1,1.0,1.0,65,1.0,1.0,0.0,1.0,1.0,0.0,1.0,1.0,1.0,107.45,7047.5,3040
0,1.0,1.0,6,1.0,0.0,1.0,0.0,0.0,0.0,0.0,0.0,1.0,49.15,295.65,3943
0,1.0,1.0,64,1.0,0.0,1.0,1.0,0.0,0.0,0.0,0.0,0.0,81.05,5135.35,3248
0,0.0,1.0,70,1.0,1.0,1.0,1.0,0.0,1.0,0.0,0.0,0.0,64.95,4551.5,4983
0,1.0,1.0,64,1.0,0.0,1.0,0.0,1.0,0.0,1.0,1.0,1.0,73.05,4688.65,609
1,1.0,0.0,52,1.0,1.0,0.0,1.0,1.0,0.0,1.0,1.0,1.0,105.1,5376.4,760
1,1.0,0.0,3,1.0,0.0,0.0,0.0,0.0,1.0,1.0,0.0,1.0,83.9,267.4,4878
0,1.0,1.0,52,1.0,1.0,0.0,0.0,0.0,0.0,0.0,0.0,0.0,24.55,1331.05,2547
1,0.0,0.0,3,1.0,1.0,0.0,1.0,0.0,0.0,0.0,0.0,1.0,81.35,233.7,8240
0,0.0,0.0,17,1.0,0.0,0.0,0.0,0.0,0.0,0.0,0.0,0.0,19.4,358.05,174
0,1.0,1.0,27,1.0,1.0,0.0,0.0,0.0,1.0,1.0,1.0,0.0,71.6,1957.1,4316
0,1.0,0.0,35,1.0,1.0,0.0,0.0,0.0,1.0,0.0,1.0,1.0,89.85,3161.2,1832
0,1.0,1.0,25,1.0,0.0,1.0,1.0,1.0,0.0,0.0,0.0,1.0,61.6,1611.0,7251
0,1.0,0.0,41,1.0,0.0,0.0,0.0,0.0,0.0,0.0,0.0,1.0,19.75,899.45,2144
1,1.0,0.0,19,1.0,0.0,1.0,0.0,1.0,0.0,1.0,0.0,0.0,66.4,1286.05,4942
0,1.0,1.0,13,1.0,0.0,0.0,0.0,0.0,0.0,1.0,1.0,1.0,64.75,877.35,1241
1,0.0,0.0,59,1.0,1.0,0.0,1.0,0.0,0.0,0.0,0.0,1.0,79.2,4590.35,9189
0,1.0,0.0,72,1.0,1.0,1.0,1.0,1.0,1.0,1.0,1.0,1.0,91.15,6637.9,372
0,0.0,0.0,21,1.0,0.0,0.0,0.0,0.0,0.0,0.0,0.0,0.0,20.5,402.85,1041
0,1.0,0.0,72,1.0,1.0,0.0,1.0,1.0,0.0,1.0,1.0,0.0,82.15,5784.3,8271
0,1.0,1.0,71,1.0,0.0,1.0,0.0,1.0,1.0,1.0,1.0,1.0,82.0,5999.85,4926
0,1.0,1.0,61,1.0,1.0,0.0,1.0,0.0,0.0,1.0,1.0,1.0,99.15,6010.05,8433
0,0.0,0.0,1,1.0,0.0,0.0,0.0,0.0,0.0,0.0,0.0,1.0,20.2,20.2,2516
1,0.0,0.0,63,1.0,1.0,0.0,0.0,1.0,0.0,0.0,1.0,1.0,89.6,5538.8,2837
1,1.0,0.0,43,1.0,0.0,0.0,1.0,1.0,0.0,1.0,1.0,1.0,100.55,4304.0,4099
0,0.0,0.0,2,1.0,0.0,0.0,0.0,0.0,0.0,0.0,0.0,1.0,46.0,84.5,2052
0,1.0,1.0,1,1.0,0.0,0.0,0.0,0.0,0.0,0.0,0.0,1.0,19.0,19.0,7996
0,0.0,0.0,1,1.0,0.0,0.0,0.0,0.0,0.0,0.0,0.0,1.0,19.5,19.5,6399
0,0.0,0.0,65,1.0,1.0,0.0,0.0,0.0,0.0,0.0,0.0,0.0,25.75,1654.75,7157
0,0.0,0.0,15,1.0,0.0,1.0,1.0,0.0,0.0,1.0,1.0,1.0,99.1,1426.4,1811
0,1.0,1.0,66,1.0,0.0,1.0,1.0,1.0,1.0,0.0,0.0,0.0,65.85,4097.05,9901
0,0.0,0.0,2,1.0,0.0,0.0,0.0,0.0,0.0,0.0,0.0,0.0,20.75,44.2,3812
1,0.0,0.0,29,1.0,1.0,0.0,0.0,0.0,1.0,1.0,1.0,0.0,98.65,2862.75,5036
1,0.0,1.0,7,1.0,0.0,0.0,0.0,0.0,0.0,0.0,0.0,1.0,45.75,344.2,192
1,0.0,0.0,14,1.0,0.0,1.0,1.0,0.0,0.0,0.0,0.0,0.0,78.85,1043.8,8210
0,1.0,0.0,14,1.0,1.0,0.0,1.0,1.0,0.0,0.0,0.0,1.0,82.65,1185.0,3416
1,0.0,0.0,72,1.0,1.0,1.0,1.0,1.0,1.0,1.0,1.0,0.0,113.8,7845.8,6372
0,1.0,0.0,18,1.0,1.0,0.0,0.0,0.0,0.0,1.0,1.0,1.0,94.7,1687.95,7906
0,0.0,0.0,23,1.0,1.0,0.0,0.0,0.0,0.0,1.0,1.0,1.0,93.5,2341.55,8080
0,0.0,0.0,1,1.0,0.0,0.0,0.0,0.0,0.0,0.0,1.0,0.0,80.15,80.15,4058
0,0.0,0.0,22,1.0,1.0,0.0,1.0,0.0,0.0,0.0,0.0,1.0,79.35,1730.35,7240
0,0.0,0.0,7,1.0,0.0,0.0,0.0,0.0,0.0,0.0,0.0,0.0,19.25,112.3,3947
0,0.0,1.0,12,1.0,0.0,0.0,0.0,0.0,0.0,0.0,0.0,0.0,21.05,235.8,4955
0,1.0,0.0,60,1.0,1.0,0.0,0.0,0.0,0.0,0.0,0.0,0.0,24.15,1505.9,9038
0,1.0,0.0,49,0.0,0.0,0.0,1.0,0.0,0.0,1.0,1.0,0.0,49.65,2409.9,6185
0,0.0,0.0,8,1.0,1.0,0.0,0.0,0.0,0.0,1.0,1.0,0.0,95.65,778.1,4805
0,1.0,1.0,61,1.0,0.0,1.0,0.0,0.0,0.0,0.0,0.0,1.0,49.7,2961.4,3940
0,0.0,0.0,5,1.0,1.0,0.0,0.0,0.0,0.0,0.0,0.0,1.0,50.6,249.95,2516
0,0.0,0.0,19,1.0,0.0,0.0,0.0,0.0,1.0,1.0,0.0,1.0,61.55,1093.2,4261
0,1.0,0.0,47,1.0,0.0,0.0,0.0,0.0,0.0,0.0,0.0,0.0,19.65,921.55,5347
0,0.0,0.0,6,1.0,0.0,1.0,1.0,0.0,0.0,0.0,0.0,1.0,78.95,494.95,3647
0,1.0,1.0,55,1.0,1.0,1.0,1.0,0.0,1.0,0.0,1.0,1.0,75.75,4264.25,5731
0,1.0,1.0,59,1.0,0.0,0.0,1.0,1.0,1.0,1.0,1.0,0.0,76.75,4541.9,5257
0,1.0,0.0,26,0.0,0.0,1.0,1.0,1.0,0.0,1.0,0.0,0.0,47.85,1190.5,3055
0,1.0,1.0,28,1.0,1.0,0.0,0.0,0.0,0.0,0.0,0.0,0.0,49.9,1410.25,6536
0,1.0,1.0,1,1.0,0.0,0.0,0.0,0.0,0.0,1.0,1.0,0.0,89.15,89.15,9360
0,0.0,0.0,39,1.0,0.0,0.0,0.0,1.0,1.0,0.0,0.0,1.0,80.45,3201.55,453
1,0.0,0.0,21,1.0,1.0,0.0,0.0,0.0,0.0,1.0,1.0,1.0,95.4,2025.1,7146
0,1.0,0.0,71,0.0,0.0,1.0,1.0,1.0,1.0,1.0,1.0,0.0,66.8,4689.15,7760
0,1.0,0.0,72,1.0,1.0,0.0,1.0,1.0,0.0,1.0,1.0,1.0,104.8,7470.1,935
0,0.0,0.0,22,1.0,0.0,0.0,0.0,0.0,0.0,0.0,0.0,0.0,20.85,450.65,5846
0,1.0,1.0,1,1.0,0.0,0.0,0.0,0.0,0.0,0.0,0.0,1.0,70.0,70.0,3263
0,0.0,0.0,3,1.0,0.0,1.0,0.0,1.0,0.0,1.0,1.0,1.0,77.4,206.15,4257
1,0.0,0.0,31,1.0,1.0,0.0,0.0,1.0,1.0,1.0,0.0,1.0,96.6,2877.95,2003
0,0.0,0.0,42,1.0,0.0,0.0,0.0,0.0,0.0,0.0,0.0,0.0,19.8,849.9,2762
0,0.0,0.0,56,1.0,1.0,0.0,1.0,0.0,1.0,0.0,1.0,1.0,94.45,5124.6,6436
0,1.0,0.0,52,1.0,1.0,0.0,1.0,0.0,1.0,1.0,1.0,1.0,102.7,5138.1,9658
0,0.0,0.0,1,1.0,0.0,0.0,0.0,0.0,0.0,0.0,0.0,0.0,20.7,20.7,6969
1,0.0,0.0,24,1.0,1.0,0.0,0.0,0.0,0.0,0.0,0.0,1.0,76.1,1712.7,9233
0,1.0,1.0,47,1.0,0.0,0.0,0.0,0.0,0.0,0.0,0.0,0.0,19.75,948.9,1176
0,1.0,1.0,36,0.0,0.0,1.0,0.0,1.0,1.0,0.0,0.0,0.0,40.65,1547.35,9543
0,0.0,0.0,39,0.0,0.0,0.0,0.0,1.0,0.0,1.0,1.0,1.0,50.75,2011.4,6004
1,1.0,1.0,72,1.0,0.0,1.0,0.0,1.0,1.0,1.0,1.0,1.0,104.1,7447.7,6315
0,0.0,0.0,2,1.0,1.0,1.0,0.0,0.0,0.0,0.0,1.0,0.0,90.75,174.75,333
1,1.0,1.0,57,1.0,0.0,0.0,1.0,1.0,1.0,1.0,0.0,1.0,95.3,5567.45,3476
0,0.0,0.0,44,1.0,0.0,1.0,0.0,0.0,1.0,1.0,0.0,0.0,65.4,2774.55,9197
0,1.0,1.0,66,0.0,0.0,0.0,0.0,0.0,1.0,1.0,1.0,0.0,50.55,3364.55,9060
0,1.0,1.0,42,1.0,1.0,1.0,1.0,0.0,0.0,1.0,0.0,1.0,69.4,3058.3,3384
0,1.0,0.0,71,1.0,1.0,0.0,1.0,1.0,1.0,1.0,1.0,1.0,113.15,7953.25,7636
0,1.0,1.0,22,1.0,0.0,0.0,1.0,0.0,0.0,1.0,1.0,1.0,69.5,1498.2,6464
0,1.0,1.0,8,1.0,0.0,0.0,1.0,0.0,1.0,0.0,0.0,0.0,56.3,401.5,2549
0,1.0,0.0,70,0.0,0.0,1.0,0.0,1.0,1.0,0.0,1.0,1.0,49.85,3370.2,2978
0,1.0,0.0,3,1.0,0.0,0.0,0.0,0.0,0.0,0.0,0.0,1.0,46.1,130.15,4912
1,1.0,0.0,38,1.0,1.0,1.0,1.0,0.0,0.0,0.0,1.0,0.0,95.0,3591.25,6600
0,1.0,1.0,6,1.0,1.0,0.0,0.0,0.0,0.0,0.0,0.0,1.0,48.95,273.25,1637
0,0.0,0.0,2,1.0,1.0,0.0,0.0,0.0,0.0,1.0,0.0,1.0,85.65,1412.4,8092
0,1.0,1.0,52,1.0,0.0,1.0,0.0,1.0,0.0,1.0,1.0,0.0,100.3,5244.45,4924
0,0.0,0.0,40,1.0,0.0,0.0,1.0,0.0,1.0,0.0,1.0,1.0,89.6,3488.15,6987
0,0.0,1.0,15,1.0,1.0,0.0,1.0,0.0,0.0,1.0,0.0,1.0,91.0,1430.05,8480
1,1.0,0.0,56,1.0,1.0,0.0,0.0,0.0,1.0,0.0,0.0,1.0,76.85,4275.75,9412
0,0.0,0.0,52,1.0,0.0,0.0,0.0,0.0,0.0,0.0,0.0,0.0,19.65,1025.05,4163
1,1.0,0.0,34,1.0,0.0,1.0,0.0,0.0,1.0,1.0,0.0,0.0,90.15,3128.8,371
0,1.0,0.0,14,1.0,1.0,0.0,0.0,0.0,0.0,1.0,0.0,1.0,86.1,1235.55,5584
0,1.0,0.0,72,1.0,1.0,0.0,1.0,1.0,1.0,1.0,1.0,0.0,85.95,6151.9,1762
0,0.0,0.0,27,1.0,0.0,0.0,1.0,1.0,1.0,1.0,1.0,0.0,78.2,2078.95,8019
0,0.0,0.0,12,1.0,1.0,0.0,0.0,1.0,0.0,1.0,1.0,0.0,74.75,827.05,7976
1,0.0,0.0,1,1.0,0.0,0.0,0.0,0.0,0.0,1.0,1.0,1.0,89.3,89.3,1581
0,0.0,0.0,10,1.0,0.0,0.0,0.0,0.0,0.0,0.0,0.0,1.0,70.0,1412.4,4128
1,1.0,1.0,68,1.0,1.0,0.0,0.0,1.0,1.0,1.0,1.0,1.0,107.15,7379.8,4475
0,1.0,0.0,25,1.0,0.0,0.0,0.0,1.0,0.0,0.0,0.0,1.0,74.6,1797.75,1801
0,0.0,0.0,32,1.0,1.0,0.0,0.0,0.0,0.0,0.0,1.0,1.0,85.65,2664.3,4472
0,0.0,0.0,3,1.0,1.0,0.0,0.0,0.0,0.0,0.0,0.0,1.0,74.4,229.55,5191
0,0.0,1.0,15,1.0,0.0,0.0,0.0,0.0,0.0,0.0,0.0,0.0,69.0,994.8,8595
0,0.0,0.0,58,1.0,0.0,0.0,0.0,0.0,0.0,0.0,0.0,0.0,20.3,1131.5,5009
0,1.0,1.0,22,1.0,1.0,0.0,0.0,1.0,0.0,1.0,0.0,1.0,88.75,1412.4,5128
0,1.0,0.0,21,1.0,0.0,0.0,0.0,0.0,1.0,1.0,0.0,1.0,86.05,1818.9,1010
0,0.0,1.0,1,1.0,0.0,1.0,0.0,0.0,1.0,0.0,0.0,0.0,54.5,54.5,9730
0,1.0,0.0,28,1.0,0.0,0.0,0.0,0.0,0.0,0.0,0.0,0.0,19.05,990.45,1574
1,0.0,0.0,16,1.0,1.0,0.0,0.0,0.0,0.0,0.0,0.0,1.0,74.45,1261.35,8991
0,0.0,0.0,5,1.0,0.0,0.0,0.0,1.0,1.0,1.0,0.0,1.0,63.95,1412.4,1438
0,0.0,0.0,72,0.0,0.0,1.0,1.0,1.0,1.0,1.0,1.0,1.0,65.6,4566.5,9921
0,0.0,0.0,1,1.0,0.0,0.0,0.0,1.0,1.0,0.0,0.0,0.0,55.05,1412.4,4066
1,0.0,0.0,37,1.0,1.0,0.0,0.0,0.0,0.0,0.0,0.0,1.0,76.25,2841.55,6082
0,0.0,1.0,50,1.0,0.0,0.0,0.0,0.0,0.0,0.0,0.0,0.0,20.15,970.85,6949
0,0.0,0.0,3,1.0,0.0,0.0,0.0,1.0,0.0,0.0,0.0,1.0,74.75,238.1,8564
0,1.0,0.0,48,1.0,1.0,0.0,0.0,1.0,1.0,0.0,1.0,1.0,69.55,3435.6,406
0,0.0,0.0,1,1.0,0.0,0.0,0.0,0.0,0.0,0.0,0.0,0.0,20.15,20.15,5312
0,1.0,1.0,4,1.0,0.0,0.0,0.0,0.0,0.0,0.0,0.0,0.0,44.8,169.65,2266
1,0.0,0.0,65,0.0,0.0,0.0,1.0,1.0,0.0,1.0,1.0,1.0,53.5,3517.9,5140
0,0.0,0.0,1,1.0,0.0,0.0,0.0,0.0,0.0,0.0,1.0,1.0,56.25,56.25,8914
0,1.0,0.0,30,1.0,1.0,0.0,0.0,0.0,0.0,0.0,1.0,1.0,85.0,2624.25,9758
1,1.0,1.0,51,1.0,1.0,0.0,1.0,1.0,0.0,0.0,0.0,1.0,84.2,4146.05,1999
0,0.0,0.0,1,1.0,0.0,0.0,0.0,0.0,0.0,0.0,0.0,1.0,20.15,20.15,8415
0,1.0,1.0,35,1.0,1.0,0.0,0.0,0.0,0.0,0.0,0.0,0.0,24.3,821.6,6553
0,1.0,1.0,24,1.0,0.0,1.0,0.0,1.0,0.0,0.0,0.0,1.0,56.25,1454.25,3279
0,0.0,0.0,5,1.0,0.0,0.0,1.0,0.0,0.0,0.0,0.0,0.0,50.55,244.75,5852
1,1.0,0.0,72,1.0,1.0,1.0,1.0,1.0,1.0,0.0,0.0,1.0,96.6,6827.5,186
0,1.0,1.0,72,1.0,0.0,1.0,1.0,1.0,1.0,1.0,1.0,1.0,109.5,7854.9,903
0,0.0,0.0,19,1.0,1.0,0.0,0.0,0.0,0.0,0.0,1.0,1.0,86.0,1532.45,8854
0,1.0,1.0,54,1.0,1.0,1.0,0.0,0.0,1.0,0.0,0.0,0.0,60.0,3273.95,1104
0,1.0,1.0,71,1.0,0.0,1.0,1.0,1.0,1.0,1.0,0.0,0.0,100.2,7209.0,6847
0,1.0,0.0,22,1.0,0.0,0.0,0.0,0.0,0.0,0.0,0.0,1.0,20.45,471.55,977
1,0.0,0.0,53,1.0,0.0,1.0,1.0,0.0,1.0,0.0,1.0,1.0,96.75,5206.55,8002
0,0.0,0.0,1,1.0,0.0,0.0,0.0,0.0,0.0,0.0,0.0,0.0,19.95,19.95,6354
0,0.0,0.0,17,1.0,1.0,1.0,1.0,1.0,1.0,1.0,0.0,1.0,106.65,1672.1,3354
0,0.0,0.0,42,1.0,1.0,0.0,0.0,0.0,0.0,0.0,0.0,0.0,25.05,949.85,3005
0,0.0,0.0,43,1.0,0.0,0.0,0.0,0.0,0.0,0.0,0.0,0.0,19.55,876.15,1916
0,0.0,0.0,56,1.0,0.0,1.0,0.0,1.0,0.0,0.0,0.0,0.0,52.7,3019.7,467
1,1.0,0.0,62,1.0,1.0,1.0,0.0,1.0,0.0,1.0,1.0,1.0,104.85,6312.9,8465
0,0.0,0.0,72,1.0,1.0,0.0,0.0,1.0,1.0,1.0,1.0,1.0,107.5,7853.7,8291
0,0.0,0.0,10,1.0,1.0,1.0,0.0,0.0,0.0,1.0,1.0,1.0,98.7,973.25,4363
0,1.0,0.0,4,1.0,0.0,1.0,1.0,0.0,0.0,0.0,0.0,0.0,54.7,235.05,8362
0,0.0,0.0,35,1.0,1.0,0.0,1.0,0.0,1.0,0.0,0.0,0.0,85.3,2917.5,1986
0,0.0,0.0,1,0.0,0.0,0.0,0.0,0.0,0.0,0.0,1.0,1.0,35.25,35.25,6689
0,1.0,1.0,32,0.0,0.0,1.0,1.0,0.0,0.0,0.0,0.0,1.0,35.15,1051.05,9668
0,1.0,0.0,71,1.0,1.0,1.0,0.0,1.0,1.0,1.0,1.0,0.0,83.2,6126.1,763
0,0.0,0.0,1,1.0,1.0,0.0,1.0,0.0,0.0,0.0,0.0,1.0,79.15,79.15,9586
0,1.0,1.0,16,1.0,1.0,0.0,0.0,1.0,0.0,1.0,0.0,1.0,90.8,1442.2,6794
1,1.0,1.0,34,1.0,1.0,0.0,1.0,0.0,0.0,0.0,0.0,1.0,79.6,2718.3,6974
0,0.0,0.0,13,1.0,0.0,0.0,0.0,0.0,0.0,0.0,0.0,1.0,20.3,275.4,879
0,0.0,0.0,6,1.0,1.0,0.0,0.0,0.0,0.0,1.0,1.0,1.0,93.55,536.4,3405
0,0.0,0.0,45,1.0,1.0,0.0,1.0,0.0,0.0,1.0,1.0,1.0,100.85,4740.0,2548
0,0.0,0.0,22,1.0,1.0,1.0,0.0,0.0,1.0,0.0,0.0,1.0,59.05,1253.5,3913
0,1.0,1.0,7,1.0,0.0,1.0,1.0,1.0,0.0,1.0,0.0,0.0,69.45,1412.4,5378
0,0.0,1.0,53,1.0,0.0,1.0,1.0,1.0,0.0,0.0,1.0,0.0,95.95,5036.9,7343
0,0.0,0.0,13,1.0,0.0,0.0,1.0,1.0,0.0,0.0,0.0,1.0,79.25,1111.65,9189
0,1.0,0.0,18,0.0,0.0,0.0,0.0,1.0,0.0,1.0,0.0,1.0,39.05,1412.4,2336
0,0.0,0.0,24,1.0,1.0,1.0,0.0,0.0,0.0,0.0,0.0,1.0,55.65,1400.55,3001
0,1.0,1.0,5,1.0,1.0,0.0,0.0,0.0,0.0,0.0,0.0,1.0,24.3,132.25,7082
0,0.0,1.0,41,1.0,1.0,0.0,1.0,0.0,0.0,1.0,0.0,1.0,88.5,3645.05,3526
0,1.0,0.0,72,1.0,1.0,1.0,1.0,1.0,1.0,1.0,1.0,1.0,115.8,8424.9,215
1,0.0,0.0,19,1.0,0.0,1.0,0.0,0.0,0.0,0.0,1.0,1.0,87.3,1637.3,4695
1,1.0,0.0,67,1.0,1.0,1.0,1.0,0.0,0.0,0.0,0.0,0.0,83.85,5588.8,5255
1,0.0,0.0,2,1.0,0.0,0.0,0.0,0.0,0.0,0.0,0.0,1.0,69.6,131.65,5112
0,0.0,0.0,17,1.0,1.0,0.0,0.0,1.0,1.0,1.0,0.0,1.0,69.0,1108.0,5933
0,0.0,1.0,18,1.0,1.0,1.0,0.0,0.0,0.0,0.0,1.0,0.0,64.8,1166.7,210
1,1.0,0.0,17,1.0,1.0,0.0,0.0,0.0,0.0,1.0,1.0,1.0,94.8,1563.9,3733
0,1.0,1.0,13,1.0,0.0,1.0,0.0,0.0,1.0,0.0,0.0,0.0,54.15,701.05,1013
0,0.0,0.0,19,1.0,0.0,0.0,0.0,1.0,1.0,1.0,0.0,0.0,89.95,1682.4,1699
1,1.0,0.0,68,1.0,1.0,1.0,1.0,0.0,0.0,0.0,1.0,1.0,96.55,6581.9,4643
0,0.0,0.0,27,1.0,0.0,0.0,0.0,0.0,0.0,0.0,0.0,0.0,19.15,501.35,616
0,0.0,0.0,11,1.0,0.0,0.0,0.0,0.0,0.0,0.0,0.0,1.0,20.45,237.3,4872
0,0.0,0.0,25,1.0,1.0,0.0,1.0,1.0,1.0,1.0,1.0,0.0,108.9,2809.05,181
0,0.0,0.0,1,1.0,0.0,0.0,0.0,0.0,0.0,0.0,0.0,0.0,45.3,45.3,2411
0,0.0,0.0,19,1.0,0.0,0.0,1.0,0.0,0.0,0.0,1.0,1.0,39.7,710.05,3190
0,0.0,0.0,2,1.0,0.0,0.0,0.0,0.0,0.0,0.0,0.0,0.0,19.35,46.35,1131
0,1.0,0.0,70,1.0,1.0,1.0,1.0,1.0,1.0,1.0,1.0,0.0,114.3,8244.3,6791
0,1.0,1.0,72,1.0,1.0,1.0,0.0,1.0,1.0,1.0,1.0,1.0,84.2,5986.55,7121
0,0.0,0.0,15,1.0,0.0,0.0,0.0,1.0,1.0,1.0,1.0,1.0,101.35,1553.95,3873
0,1.0,1.0,56,1.0,0.0,0.0,1.0,1.0,1.0,0.0,0.0,1.0,85.85,4793.8,4007
0,1.0,1.0,65,1.0,1.0,1.0,1.0,1.0,0.0,0.0,1.0,0.0,72.45,4653.85,6944
0,1.0,1.0,35,1.0,1.0,0.0,0.0,0.0,0.0,0.0,0.0,1.0,25.75,882.55,3486
0,0.0,0.0,1,1.0,0.0,0.0,0.0,0.0,0.0,0.0,0.0,0.0,19.45,19.45,4352
0,1.0,1.0,14,1.0,1.0,0.0,0.0,0.0,0.0,0.0,0.0,0.0,25.55,372.45,6894
0,0.0,0.0,31,1.0,1.0,0.0,1.0,0.0,0.0,0.0,0.0,1.0,80.45,2429.1,4154
0,1.0,0.0,29,0.0,0.0,0.0,0.0,0.0,0.0,1.0,1.0,1.0,45.9,1332.4,686
0,1.0,0.0,67,1.0,0.0,0.0,0.0,0.0,0.0,0.0,0.0,0.0,19.65,1335.2,148
0,1.0,0.0,29,1.0,0.0,0.0,0.0,0.0,0.0,0.0,0.0,1.0,19.55,521.8,4353
0,1.0,1.0,6,0.0,0.0,0.0,1.0,1.0,1.0,0.0,0.0,0.0,40.55,217.5,4690
0,1.0,0.0,65,1.0,1.0,1.0,1.0,1.0,0.0,0.0,0.0,0.0,89.75,5769.6,2258
1,0.0,0.0,49,1.0,1.0,0.0,0.0,0.0,0.0,1.0,1.0,1.0,96.2,4718.25,3253
1,0.0,0.0,27,1.0,1.0,0.0,0.0,0.0,0.0,0.0,1.0,1.0,85.25,2287.25,1892
0,1.0,1.0,4,1.0,0.0,0.0,0.0,1.0,0.0,0.0,0.0,1.0,73.75,325.45,6142
0,0.0,0.0,71,1.0,1.0,1.0,1.0,1.0,1.0,1.0,1.0,1.0,116.3,8309.55,1087
0,0.0,0.0,54,1.0,1.0,1.0,0.0,1.0,0.0,1.0,1.0,1.0,103.95,5639.05,4132
0,1.0,0.0,18,1.0,0.0,0.0,0.0,0.0,1.0,0.0,0.0,1.0,50.3,1412.4,1308
0,1.0,0.0,72,1.0,1.0,1.0,1.0,1.0,1.0,1.0,0.0,0.0,79.2,5401.9,6272
0,1.0,0.0,71,1.0,1.0,0.0,0.0,0.0,0.0,0.0,0.0,0.0,23.85,1672.1,4184
0,1.0,0.0,71,1.0,0.0,1.0,0.0,0.0,1.0,0.0,0.0,0.0,54.5,3778.2,8343
0,0.0,0.0,1,1.0,0.0,1.0,0.0,0.0,0.0,0.0,0.0,0.0,47.95,47.95,1893
0,1.0,0.0,21,1.0,1.0,0.0,0.0,0.0,0.0,1.0,1.0,1.0,94.3,1948.35,5670
0,1.0,1.0,10,1.0,0.0,0.0,0.0,0.0,0.0,0.0,0.0,0.0,20.45,242.4,8810
1,1.0,0.0,47,1.0,1.0,0.0,0.0,1.0,0.0,1.0,1.0,1.0,100.05,4871.05,4754
0,0.0,0.0,1,1.0,0.0,0.0,0.0,0.0,0.0,0.0,0.0,0.0,43.95,43.95,2164
0,0.0,1.0,1,1.0,0.0,0.0,0.0,0.0,0.0,0.0,0.0,1.0,69.65,69.65,3568
0,1.0,1.0,63,1.0,0.0,0.0,0.0,0.0,0.0,0.0,0.0,0.0,19.55,1245.6,1398
0,1.0,1.0,47,1.0,1.0,0.0,1.0,0.0,0.0,1.0,0.0,0.0,87.2,4017.45,2537
0,1.0,0.0,62,1.0,0.0,0.0,1.0,1.0,1.0,0.0,0.0,1.0,60.15,3753.2,2793
0,1.0,1.0,5,1.0,0.0,0.0,0.0,0.0,0.0,0.0,0.0,0.0,69.95,320.4,581
0,1.0,0.0,53,1.0,1.0,0.0,1.0,0.0,1.0,0.0,1.0,0.0,97.75,5043.2,3769
0,1.0,1.0,64,1.0,1.0,1.0,0.0,1.0,0.0,0.0,1.0,0.0,93.4,5822.3,8981
0,1.0,1.0,69,1.0,1.0,1.0,1.0,1.0,1.0,1.0,1.0,0.0,113.25,7895.15,8333
0,1.0,0.0,72,1.0,1.0,1.0,1.0,1.0,1.0,0.0,1.0,0.0,78.85,5763.15,5905
0,1.0,1.0,51,1.0,1.0,1.0,1.0,0.0,1.0,1.0,1.0,0.0,110.05,5686.4,8352
0,1.0,1.0,35,1.0,0.0,1.0,0.0,1.0,1.0,1.0,1.0,1.0,106.9,3756.45,6856
0,0.0,0.0,8,1.0,0.0,0.0,0.0,0.0,0.0,0.0,0.0,1.0,20.45,162.3,8422
0,0.0,1.0,23,1.0,0.0,0.0,1.0,0.0,1.0,0.0,0.0,0.0,54.15,1312.45,4466
0,1.0,0.0,1,0.0,0.0,0.0,0.0,0.0,0.0,0.0,0.0,1.0,24.8,24.8,4554
0,0.0,0.0,11,1.0,1.0,0.0,0.0,1.0,0.0,1.0,0.0,1.0,89.2,990.3,8303
0,0.0,0.0,1,1.0,0.0,0.0,0.0,0.0,0.0,1.0,1.0,1.0,62.8,62.8,5549
0,0.0,0.0,57,1.0,0.0,0.0,0.0,0.0,0.0,0.0,0.0,0.0,18.8,1094.35,9278
0,0.0,0.0,67,1.0,0.0,0.0,0.0,0.0,1.0,0.0,0.0,0.0,50.55,3260.1,8600
1,0.0,0.0,55,0.0,0.0,1.0,1.0,0.0,0.0,1.0,0.0,1.0,44.85,2479.05,5244
0,0.0,0.0,3,1.0,0.0,0.0,0.0,1.0,0.0,0.0,1.0,0.0,85.7,256.75,4657
0,1.0,0.0,49,1.0,1.0,1.0,1.0,1.0,0.0,0.0,1.0,0.0,71.8,1412.4,5971
0,0.0,0.0,4,1.0,0.0,0.0,0.0,0.0,0.0,0.0,0.0,1.0,46.0,193.6,1042
0,0.0,1.0,49,1.0,1.0,0.0,0.0,0.0,1.0,1.0,1.0,1.0,100.6,5069.65,5935
0,1.0,1.0,48,1.0,0.0,1.0,0.0,1.0,0.0,1.0,1.0,1.0,99.7,4977.2,5779
0,1.0,1.0,68,1.0,1.0,1.0,0.0,1.0,1.0,1.0,1.0,1.0,109.05,7508.55,1353
0,0.0,0.0,2,1.0,1.0,0.0,0.0,0.0,0.0,0.0,1.0,0.0,62.05,1412.4,9899
0,0.0,0.0,47,1.0,0.0,0.0,0.0,0.0,0.0,0.0,0.0,0.0,20.15,1046.2,8925
0,1.0,1.0,12,1.0,0.0,0.0,0.0,0.0,0.0,0.0,0.0,0.0,19.7,258.35,3502
0,0.0,1.0,11,1.0,0.0,0.0,0.0,0.0,0.0,0.0,0.0,0.0,19.7,216.2,7358
0,0.0,1.0,4,1.0,0.0,0.0,0.0,0.0,0.0,0.0,0.0,0.0,20.4,94.5,9422
0,0.0,0.0,9,1.0,0.0,0.0,0.0,1.0,0.0,1.0,1.0,1.0,94.05,811.65,8546
0,0.0,0.0,41,1.0,0.0,0.0,0.0,0.0,0.0,0.0,0.0,1.0,19.75,806.95,2056
0,0.0,0.0,24,1.0,0.0,0.0,0.0,0.0,0.0,1.0,1.0,1.0,90.35,2238.5,6539
1,0.0,0.0,46,1.0,1.0,1.0,1.0,1.0,0.0,1.0,1.0,1.0,110.0,1412.4,538
0,1.0,1.0,1,1.0,0.0,0.0,0.0,0.0,0.0,0.0,0.0,0.0,19.45,19.45,4775
0,0.0,0.0,4,1.0,1.0,0.0,0.0,0.0,0.0,0.0,0.0,1.0,76.05,318.9,1753
1,1.0,0.0,7,1.0,1.0,1.0,1.0,0.0,0.0,0.0,1.0,1.0,94.7,1412.4,9947
1,1.0,0.0,40,1.0,0.0,0.0,0.0,0.0,0.0,0.0,1.0,0.0,55.8,2283.3,7354
1,0.0,0.0,1,1.0,0.0,0.0,0.0,0.0,0.0,0.0,0.0,0.0,44.0,44.0,240
0,0.0,0.0,2,1.0,0.0,0.0,0.0,0.0,0.0,0.0,0.0,0.0,20.45,34.8,6722
0,1.0,1.0,14,1.0,0.0,0.0,0.0,0.0,0.0,0.0,0.0,1.0,19.7,263.65,3454
1,0.0,0.0,3,1.0,1.0,0.0,1.0,0.0,0.0,0.0,0.0,1.0,79.4,1412.4,1406
0,0.0,0.0,60,1.0,0.0,1.0,0.0,1.0,0.0,0.0,1.0,1.0,44.45,2773.9,6928
1,0.0,0.0,30,1.0,1.0,0.0,1.0,1.0,0.0,1.0,1.0,1.0,104.1,3121.1,1200
1,0.0,0.0,2,1.0,0.0,0.0,0.0,0.0,0.0,0.0,0.0,0.0,70.75,154.85,1981
0,0.0,0.0,59,1.0,0.0,0.0,0.0,1.0,0.0,1.0,1.0,0.0,95.8,5655.45,5256
0,1.0,0.0,55,1.0,1.0,0.0,0.0,1.0,0.0,0.0,0.0,1.0,77.75,4458.15,5713
0,0.0,0.0,72,1.0,1.0,0.0,0.0,0.0,0.0,0.0,0.0,0.0,24.75,1777.6,8329
1,0.0,0.0,1,1.0,1.0,0.0,0.0,0.0,0.0,0.0,0.0,1.0,75.75,75.75,2384
0,0.0,0.0,3,1.0,0.0,0.0,1.0,0.0,0.0,0.0,1.0,0.0,84.3,235.05,8004
0,0.0,1.0,18,1.0,1.0,0.0,0.0,1.0,0.0,0.0,0.0,1.0,80.55,1406.65,6925
0,0.0,0.0,17,1.0,0.0,0.0,0.0,0.0,0.0,0.0,0.0,0.0,19.95,310.6,2569
0,0.0,0.0,1,1.0,0.0,0.0,0.0,0.0,0.0,0.0,0.0,0.0,46.2,46.2,7974
0,0.0,0.0,1,1.0,0.0,0.0,0.0,0.0,0.0,0.0,0.0,1.0,70.25,70.25,2403
0,0.0,0.0,26,1.0,0.0,0.0,1.0,1.0,0.0,1.0,0.0,0.0,89.8,1412.4,1178
0,0.0,0.0,1,1.0,0.0,0.0,0.0,0.0,0.0,0.0,0.0,1.0,43.85,43.85,8621
0,1.0,1.0,72,1.0,1.0,0.0,0.0,0.0,0.0,0.0,0.0,1.0,23.3,1623.15,4753
0,1.0,1.0,68,1.0,1.0,1.0,1.0,1.0,1.0,1.0,1.0,1.0,89.05,6185.8,4973
0,1.0,1.0,22,1.0,0.0,0.0,0.0,0.0,0.0,0.0,0.0,0.0,20.75,452.35,8953
1,0.0,0.0,7,1.0,0.0,1.0,0.0,0.0,0.0,0.0,0.0,0.0,76.45,503.6,9279
0,0.0,0.0,29,1.0,1.0,0.0,0.0,0.0,0.0,1.0,1.0,1.0,71.0,2080.1,2669
0,1.0,0.0,72,1.0,1.0,1.0,1.0,1.0,1.0,1.0,1.0,1.0,113.65,8124.2,4205
0,0.0,0.0,1,1.0,0.0,0.0,0.0,0.0,0.0,0.0,0.0,0.0,19.75,19.75,7617
0,0.0,0.0,19,1.0,0.0,0.0,0.0,0.0,0.0,0.0,0.0,0.0,19.9,367.55,2615
0,0.0,0.0,37,1.0,1.0,1.0,0.0,0.0,0.0,1.0,0.0,1.0,91.15,3369.25,4718
0,0.0,0.0,7,1.0,0.0,0.0,0.0,1.0,1.0,1.0,0.0,0.0,64.3,445.95,9674
0,0.0,1.0,1,1.0,0.0,0.0,0.0,0.0,0.0,0.0,0.0,1.0,44.4,44.4,7629
0,1.0,1.0,42,1.0,0.0,0.0,0.0,1.0,0.0,1.0,1.0,1.0,92.15,3875.4,888
0,0.0,0.0,28,0.0,0.0,0.0,0.0,1.0,0.0,0.0,0.0,1.0,29.75,790.7,1254
1,1.0,0.0,45,1.0,1.0,1.0,0.0,1.0,1.0,0.0,1.0,0.0,75.15,3480.35,1317
0,1.0,0.0,72,1.0,0.0,0.0,0.0,0.0,0.0,0.0,0.0,0.0,19.4,1496.45,8435
0,0.0,0.0,6,1.0,0.0,0.0,0.0,0.0,1.0,0.0,0.0,1.0,49.65,267.35,6103
0,1.0,0.0,20,1.0,0.0,0.0,0.0,1.0,1.0,0.0,0.0,1.0,81.0,1683.7,7971
0,0.0,0.0,6,1.0,0.0,0.0,0.0,1.0,0.0,0.0,1.0,0.0,83.9,497.55,2148
0,0.0,0.0,39,1.0,1.0,0.0,0.0,0.0,1.0,0.0,0.0,1.0,53.85,2200.7,1250
0,0.0,0.0,1,1.0,0.0,0.0,0.0,0.0,0.0,1.0,1.0,0.0,90.55,90.55,4473
0,0.0,0.0,4,1.0,0.0,0.0,0.0,0.0,0.0,0.0,1.0,0.0,54.3,195.3,3560
1,0.0,0.0,12,0.0,0.0,0.0,0.0,1.0,1.0,0.0,1.0,1.0,43.65,526.95,1163
0,0.0,0.0,57,1.0,1.0,0.0,0.0,0.0,1.0,1.0,0.0,1.0,90.45,5229.8,1128
0,0.0,0.0,1,1.0,0.0,0.0,0.0,0.0,1.0,0.0,0.0,1.0,50.8,50.8,142
1,1.0,0.0,28,1.0,1.0,0.0,1.0,0.0,1.0,1.0,1.0,1.0,105.8,2998.0,7657
1,0.0,0.0,1,1.0,0.0,0.0,0.0,0.0,0.0,1.0,0.0,1.0,79.2,79.2,234
0,1.0,0.0,62,1.0,1.0,1.0,1.0,0.0,1.0,1.0,1.0,1.0,84.95,5150.55,2864
0,0.0,1.0,1,1.0,0.0,1.0,0.0,0.0,0.0,0.0,0.0,0.0,49.9,49.9,6615
0,1.0,1.0,72,0.0,0.0,0.0,1.0,1.0,1.0,1.0,1.0,1.0,60.0,4264.0,3237
0,0.0,0.0,72,1.0,0.0,0.0,0.0,0.0,0.0,0.0,0.0,1.0,20.8,1521.2,9708
0,0.0,0.0,62,1.0,0.0,0.0,0.0,0.0,0.0,0.0,0.0,1.0,19.2,1123.65,5613
1,1.0,0.0,30,1.0,1.0,0.0,0.0,0.0,1.0,1.0,1.0,1.0,101.5,2917.65,4002
0,1.0,0.0,35,1.0,1.0,0.0,1.0,0.0,1.0,1.0,0.0,1.0,69.0,2441.7,8862
0,0.0,0.0,12,1.0,0.0,0.0,0.0,0.0,0.0,0.0,1.0,0.0,78.1,947.3,4134
0,0.0,0.0,2,1.0,0.0,0.0,0.0,0.0,0.0,0.0,0.0,0.0,20.3,41.2,9834
0,0.0,0.0,24,1.0,0.0,0.0,1.0,0.0,0.0,0.0,0.0,1.0,49.7,1218.25,6368
0,0.0,1.0,19,1.0,0.0,0.0,0.0,0.0,0.0,0.0,0.0,0.0,20.85,467.5,5733
0,0.0,0.0,46,1.0,0.0,0.0,0.0,1.0,0.0,0.0,0.0,1.0,74.8,3548.3,9071
0,0.0,0.0,39,1.0,1.0,1.0,1.0,0.0,0.0,1.0,1.0,1.0,106.4,4040.65,1501
0,1.0,0.0,55,1.0,1.0,1.0,1.0,0.0,1.0,0.0,0.0,1.0,66.05,3462.1,6533
0,1.0,1.0,53,1.0,0.0,0.0,0.0,0.0,0.0,0.0,0.0,0.0,19.55,1007.9,1281
0,0.0,0.0,72,1.0,1.0,1.0,0.0,1.0,1.0,1.0,1.0,0.0,84.3,5997.1,8603
1,1.0,0.0,49,1.0,1.0,0.0,1.0,0.0,0.0,0.0,1.0,0.0,90.05,4547.25,8170
0,0.0,0.0,57,1.0,0.0,0.0,0.0,0.0,0.0,0.0,0.0,0.0,20.75,1412.4,7328
0,1.0,1.0,70,1.0,1.0,0.0,1.0,1.0,1.0,1.0,1.0,1.0,85.95,5931.75,1419
0,0.0,1.0,19,1.0,0.0,0.0,0.0,0.0,0.0,0.0,0.0,1.0,20.0,377.55,1050
0,1.0,0.0,22,1.0,0.0,0.0,0.0,1.0,0.0,1.0,0.0,1.0,87.0,1412.4,605
1,0.0,0.0,1,1.0,0.0,0.0,0.0,0.0,0.0,0.0,0.0,1.0,69.5,69.5,1113
0,0.0,0.0,67,1.0,0.0,1.0,1.0,0.0,1.0,0.0,0.0,0.0,60.5,3870.0,4323
0,1.0,1.0,30,1.0,1.0,0.0,0.0,1.0,0.0,1.0,1.0,1.0,100.05,3046.15,2731
0,0.0,0.0,9,1.0,0.0,0.0,0.0,0.0,0.0,0.0,0.0,0.0,20.25,178.5,2970
0,0.0,0.0,72,1.0,0.0,0.0,0.0,0.0,0.0,0.0,0.0,0.0,20.25,1566.9,9565
0,1.0,0.0,56,1.0,1.0,1.0,0.0,0.0,0.0,1.0,1.0,1.0,98.0,5270.6,1441
0,1.0,1.0,39,1.0,0.0,1.0,0.0,1.0,1.0,1.0,1.0,0.0,80.0,3182.95,4273
1,0.0,0.0,46,1.0,0.0,0.0,1.0,0.0,0.0,1.0,1.0,0.0,95.25,4424.2,9158
0,1.0,1.0,47,1.0,0.0,1.0,0.0,1.0,0.0,0.0,1.0,0.0,90.05,4137.2,113
0,0.0,0.0,2,1.0,0.0,0.0,0.0,1.0,0.0,0.0,1.0,0.0,60.85,111.4,4447
0,1.0,1.0,19,1.0,0.0,0.0,0.0,0.0,0.0,0.0,0.0,0.0,19.8,344.5,1089
0,1.0,1.0,47,1.0,0.0,0.0,0.0,0.0,0.0,0.0,0.0,0.0,20.05,951.55,2895
0,0.0,0.0,3,1.0,0.0,0.0,1.0,0.0,0.0,1.0,1.0,1.0,95.1,307.4,5134
1,0.0,0.0,5,1.0,0.0,0.0,0.0,0.0,0.0,1.0,1.0,1.0,91.4,449.75,6078
0,1.0,0.0,19,1.0,0.0,0.0,1.0,0.0,0.0,0.0,1.0,1.0,59.8,1130.85,1821
0,0.0,1.0,5,1.0,0.0,0.0,0.0,0.0,0.0,0.0,0.0,0.0,46.0,221.7,8982
0,1.0,1.0,52,1.0,0.0,1.0,1.0,1.0,0.0,1.0,1.0,0.0,79.2,4016.3,5122
0,0.0,0.0,1,1.0,1.0,0.0,0.0,0.0,0.0,0.0,1.0,1.0,85.0,85.0,4722
0,1.0,0.0,35,1.0,1.0,0.0,0.0,0.0,1.0,1.0,0.0,1.0,91.5,3236.35,5280
0,0.0,1.0,25,1.0,0.0,0.0,0.0,0.0,0.0,0.0,0.0,0.0,20.05,471.7,7352
0,0.0,0.0,9,1.0,1.0,0.0,0.0,0.0,0.0,0.0,0.0,1.0,75.85,724.65,7187
1,1.0,0.0,41,1.0,0.0,0.0,1.0,0.0,0.0,1.0,1.0,1.0,94.55,3851.45,8455
0,0.0,0.0,18,1.0,0.0,0.0,1.0,1.0,0.0,0.0,0.0,0.0,77.8,1358.6,1144
1,0.0,0.0,43,1.0,1.0,0.0,1.0,0.0,0.0,1.0,0.0,1.0,90.25,3838.75,9047
1,1.0,0.0,50,1.0,0.0,0.0,0.0,0.0,0.0,0.0,0.0,1.0,71.05,3444.85,6174
0,0.0,0.0,17,1.0,0.0,0.0,0.0,0.0,0.0,0.0,0.0,0.0,70.5,1165.6,3466
0,1.0,0.0,48,1.0,0.0,0.0,0.0,1.0,1.0,1.0,1.0,1.0,100.05,4834.0,4155
0,0.0,1.0,17,1.0,0.0,0.0,1.0,1.0,1.0,1.0,1.0,0.0,80.85,1445.95,9566
0,0.0,0.0,26,0.0,0.0,0.0,0.0,1.0,1.0,1.0,0.0,1.0,44.45,1183.8,7305
0,1.0,1.0,2,1.0,0.0,1.0,1.0,0.0,1.0,0.0,0.0,0.0,59.5,130.5,1182
0,0.0,0.0,72,1.0,1.0,1.0,1.0,0.0,1.0,1.0,1.0,0.0,86.05,6309.65,3954
1,0.0,0.0,60,1.0,1.0,0.0,0.0,1.0,1.0,1.0,1.0,1.0,106.0,6441.4,2063
0,1.0,0.0,61,1.0,0.0,1.0,1.0,0.0,1.0,0.0,1.0,0.0,93.7,5860.7,8281
0,0.0,0.0,39,1.0,1.0,0.0,0.0,0.0,0.0,0.0,0.0,0.0,75.25,3017.65,998
0,0.0,0.0,1,1.0,0.0,0.0,0.0,1.0,0.0,0.0,0.0,0.0,76.35,76.35,6086
0,0.0,0.0,71,1.0,1.0,1.0,0.0,1.0,1.0,1.0,1.0,1.0,108.05,7532.15,1278
0,0.0,0.0,1,1.0,0.0,0.0,0.0,0.0,0.0,0.0,0.0,0.0,19.1,19.1,8263
0,0.0,0.0,3,1.0,0.0,1.0,0.0,1.0,0.0,1.0,1.0,1.0,99.0,287.4,4414
0,0.0,0.0,2,1.0,0.0,0.0,0.0,0.0,0.0,0.0,0.0,1.0,45.15,98.5,9331
0,1.0,1.0,41,1.0,0.0,0.0,0.0,0.0,0.0,0.0,0.0,0.0,19.5,798.2,1794
0,0.0,0.0,52,1.0,0.0,1.0,1.0,0.0,0.0,1.0,0.0,1.0,63.25,3342.45,9913
0,0.0,0.0,40,1.0,1.0,0.0,0.0,1.0,1.0,1.0,1.0,1.0,105.95,4335.2,3579
0,0.0,1.0,29,1.0,0.0,0.0,0.0,0.0,0.0,0.0,0.0,0.0,19.85,535.05,1239
0,1.0,0.0,7,1.0,1.0,0.0,0.0,0.0,0.0,1.0,0.0,1.0,86.5,582.5,7861
0,0.0,0.0,27,1.0,0.0,0.0,0.0,0.0,0.0,0.0,0.0,1.0,19.4,460.25,556
0,1.0,1.0,17,1.0,1.0,0.0,0.0,0.0,0.0,1.0,1.0,1.0,92.55,1515.1,3817
0,0.0,0.0,9,1.0,1.0,0.0,0.0,0.0,0.0,0.0,1.0,1.0,83.3,803.3,8605
0,0.0,0.0,26,1.0,1.0,0.0,0.0,0.0,0.0,0.0,0.0,1.0,51.55,1295.4,5566
0,0.0,0.0,31,0.0,0.0,1.0,1.0,0.0,1.0,0.0,1.0,1.0,49.85,1520.1,8799
0,1.0,0.0,67,1.0,1.0,1.0,1.0,1.0,0.0,0.0,1.0,0.0,75.1,5064.45,3291
0,1.0,0.0,52,1.0,1.0,0.0,1.0,0.0,1.0,0.0,1.0,1.0,95.65,1412.4,1061
0,1.0,1.0,9,1.0,1.0,0.0,1.0,1.0,0.0,1.0,1.0,1.0,102.6,897.75,5221
0,1.0,1.0,2,1.0,0.0,0.0,0.0,0.0,0.0,0.0,0.0,1.0,71.65,1412.4,2266
0,0.0,0.0,6,1.0,0.0,0.0,1.0,0.0,0.0,1.0,0.0,1.0,84.85,523.5,8686
0,0.0,0.0,1,1.0,0.0,0.0,0.0,0.0,0.0,0.0,0.0,1.0,19.75,1412.4,8456
0,1.0,1.0,54,1.0,1.0,0.0,1.0,1.0,0.0,0.0,0.0,1.0,59.8,3246.45,8986
1,1.0,0.0,39,1.0,1.0,0.0,1.0,1.0,0.0,1.0,1.0,1.0,105.65,4284.8,9679
0,1.0,0.0,43,1.0,1.0,1.0,0.0,1.0,0.0,1.0,1.0,1.0,80.2,3581.6,9113
0,1.0,0.0,68,1.0,1.0,1.0,0.0,0.0,1.0,0.0,0.0,0.0,58.25,3975.7,194
0,0.0,0.0,58,1.0,0.0,0.0,0.0,0.0,0.0,0.0,0.0,1.0,19.15,1035.5,1454
0,0.0,0.0,4,1.0,1.0,0.0,1.0,0.0,0.0,0.0,0.0,0.0,78.45,330.05,8671
0,0.0,0.0,36,1.0,0.0,1.0,0.0,1.0,1.0,1.0,1.0,1.0,79.2,2854.95,7655
1,0.0,0.0,25,1.0,1.0,0.0,1.0,0.0,0.0,0.0,1.0,1.0,89.7,2187.55,1252
0,1.0,1.0,1,0.0,0.0,0.0,0.0,0.0,1.0,1.0,0.0,0.0,40.1,40.1,6400
0,0.0,0.0,64,1.0,1.0,0.0,1.0,0.0,1.0,1.0,1.0,1.0,105.65,6903.1,5862
1,1.0,1.0,50,1.0,1.0,1.0,1.0,1.0,0.0,0.0,1.0,1.0,75.15,3822.45,5074
0,0.0,0.0,54,1.0,1.0,1.0,1.0,0.0,1.0,1.0,1.0,1.0,108.0,5760.65,452
1,1.0,0.0,34,1.0,1.0,0.0,1.0,1.0,0.0,0.0,1.0,1.0,94.25,3217.55,7895
0,1.0,0.0,71,1.0,0.0,1.0,1.0,1.0,1.0,1.0,1.0,1.0,86.1,6045.9,6968
0,0.0,0.0,1,1.0,0.0,0.0,0.0,0.0,0.0,0.0,0.0,0.0,71.1,71.1,7402
0,1.0,0.0,9,1.0,0.0,0.0,0.0,1.0,0.0,1.0,1.0,1.0,70.05,564.4,7723
0,0.0,0.0,15,1.0,1.0,0.0,1.0,0.0,1.0,0.0,1.0,0.0,95.7,1451.1,9794
1,0.0,0.0,4,1.0,0.0,1.0,0.0,0.0,0.0,0.0,0.0,0.0,75.35,273.4,4410
0,0.0,0.0,9,0.0,0.0,0.0,0.0,0.0,0.0,1.0,0.0,1.0,34.7,296.1,5221
0,1.0,0.0,72,1.0,1.0,0.0,1.0,0.0,0.0,1.0,1.0,1.0,99.4,7285.7,5488
0,1.0,1.0,37,1.0,0.0,0.0,0.0,0.0,0.0,0.0,0.0,0.0,19.8,726.1,7442
0,1.0,0.0,1,1.0,0.0,0.0,0.0,0.0,0.0,1.0,0.0,1.0,80.55,80.55,1809
0,1.0,1.0,10,1.0,0.0,0.0,1.0,0.0,1.0,0.0,1.0,1.0,65.5,616.9,1913
0,1.0,1.0,72,1.0,0.0,0.0,0.0,0.0,0.0,0.0,0.0,0.0,19.55,1463.45,2074
0,1.0,1.0,59,1.0,1.0,1.0,1.0,0.0,1.0,0.0,0.0,0.0,65.5,3801.3,4055
0,0.0,0.0,33,1.0,1.0,0.0,1.0,0.0,0.0,0.0,0.0,1.0,54.65,1665.2,5100
0,0.0,0.0,1,1.0,0.0,0.0,0.0,0.0,0.0,0.0,0.0,1.0,19.9,19.9,5918
0,1.0,1.0,45,1.0,1.0,0.0,0.0,0.0,0.0,0.0,0.0,1.0,25.9,1216.6,467
0,1.0,0.0,8,1.0,1.0,0.0,0.0,0.0,1.0,0.0,1.0,1.0,90.25,743.75,6276
0,1.0,0.0,29,1.0,1.0,0.0,1.0,1.0,0.0,0.0,0.0,1.0,85.8,2440.25,4632
0,1.0,1.0,39,1.0,0.0,0.0,0.0,0.0,0.0,0.0,0.0,0.0,19.75,757.95,3436
0,1.0,1.0,14,1.0,0.0,0.0,0.0,0.0,0.0,0.0,0.0,1.0,19.5,272.0,994
0,0.0,1.0,15,1.0,0.0,0.0,0.0,1.0,1.0,0.0,0.0,0.0,55.2,864.55,8272
0,1.0,0.0,61,1.0,1.0,0.0,0.0,0.0,0.0,0.0,0.0,0.0,25.45,1538.6,2813
0,1.0,0.0,24,1.0,0.0,1.0,0.0,0.0,1.0,0.0,0.0,0.0,53.6,1315.35,5859
0,1.0,1.0,72,1.0,1.0,1.0,0.0,0.0,0.0,0.0,0.0,0.0,79.05,5730.7,6188
0,1.0,1.0,27,1.0,0.0,1.0,1.0,0.0,0.0,0.0,0.0,1.0,80.65,2209.75,5071
0,1.0,1.0,19,1.0,0.0,0.0,0.0,0.0,0.0,0.0,0.0,0.0,20.2,382.2,4369
0,0.0,1.0,44,1.0,0.0,0.0,0.0,0.0,0.0,0.0,0.0,0.0,19.9,868.1,3012
0,1.0,0.0,57,1.0,1.0,1.0,0.0,0.0,0.0,1.0,1.0,1.0,99.65,5497.05,2209
0,0.0,1.0,1,1.0,0.0,0.0,0.0,0.0,0.0,0.0,0.0,1.0,19.45,19.45,6436
0,0.0,0.0,1,1.0,0.0,0.0,0.0,0.0,0.0,1.0,1.0,1.0,89.55,89.55,9634
0,0.0,0.0,6,1.0,0.0,0.0,0.0,0.0,0.0,0.0,0.0,0.0,44.75,270.95,652
0,0.0,0.0,12,1.0,1.0,0.0,0.0,1.0,0.0,1.0,0.0,1.0,89.55,1021.75,1201
0,1.0,0.0,63,1.0,1.0,0.0,0.0,0.0,1.0,0.0,0.0,1.0,81.2,4965.1,5941
0,1.0,0.0,56,1.0,1.0,0.0,1.0,0.0,1.0,1.0,1.0,1.0,107.25,6033.3,7303
0,0.0,0.0,1,0.0,0.0,1.0,0.0,0.0,0.0,0.0,0.0,0.0,29.7,29.7,841
0,1.0,0.0,71,1.0,1.0,0.0,0.0,0.0,0.0,0.0,0.0,1.0,25.95,1801.9,1516
1,0.0,0.0,65,1.0,1.0,1.0,0.0,1.0,1.0,1.0,1.0,1.0,110.35,1412.4,6374
0,0.0,0.0,6,1.0,0.0,0.0,0.0,0.0,0.0,0.0,0.0,0.0,20.0,109.2,9262
0,1.0,1.0,37,1.0,0.0,1.0,1.0,0.0,0.0,1.0,1.0,0.0,75.1,2658.8,7954
0,0.0,0.0,22,0.0,0.0,0.0,0.0,1.0,1.0,1.0,1.0,0.0,56.75,1304.85,9283
0,1.0,0.0,66,0.0,0.0,1.0,1.0,1.0,1.0,1.0,0.0,1.0,56.6,3789.2,1129
0,1.0,1.0,39,0.0,0.0,0.0,0.0,0.0,0.0,0.0,0.0,1.0,25.25,947.75,6267
0,1.0,0.0,5,1.0,0.0,0.0,0.0,0.0,0.0,0.0,0.0,0.0,69.95,1412.4,4770
0,1.0,1.0,21,1.0,0.0,0.0,1.0,0.0,0.0,0.0,0.0,1.0,74.05,1565.7,1527
0,0.0,0.0,66,1.0,0.0,0.0,0.0,0.0,0.0,0.0,0.0,0.0,19.7,1253.8,3544
0,0.0,1.0,14,1.0,1.0,1.0,0.0,0.0,1.0,0.0,0.0,1.0,86.0,1164.05,7064
0,1.0,1.0,3,1.0,0.0,0.0,0.0,0.0,0.0,0.0,0.0,0.0,19.1,52.0,9497
0,1.0,1.0,64,1.0,0.0,1.0,0.0,0.0,1.0,1.0,0.0,0.0,65.8,4068.0,5398
0,1.0,1.0,72,0.0,0.0,1.0,1.0,1.0,1.0,1.0,1.0,0.0,64.45,1412.4,4466
0,1.0,1.0,23,1.0,0.0,1.0,1.0,0.0,1.0,0.0,0.0,1.0,57.75,1282.85,8938
0,0.0,0.0,1,1.0,0.0,0.0,0.0,0.0,0.0,0.0,0.0,0.0,20.35,20.35,7181
0,1.0,1.0,55,1.0,0.0,0.0,1.0,1.0,1.0,1.0,1.0,1.0,103.7,5656.75,9529
0,1.0,0.0,55,1.0,0.0,1.0,1.0,1.0,0.0,0.0,0.0,0.0,58.6,3068.6,7190
0,1.0,1.0,71,1.0,1.0,1.0,0.0,0.0,0.0,1.0,1.0,1.0,97.2,6910.3,6294
1,1.0,0.0,26,1.0,0.0,0.0,0.0,1.0,0.0,0.0,1.0,0.0,60.7,1597.4,331
0,0.0,1.0,1,1.0,0.0,0.0,0.0,0.0,0.0,0.0,0.0,0.0,19.85,19.85,5264
0,0.0,0.0,26,1.0,0.0,0.0,0.0,0.0,0.0,0.0,0.0,0.0,45.45,1412.4,8042
0,0.0,0.0,36,1.0,1.0,0.0,0.0,1.0,0.0,0.0,0.0,0.0,55.8,1412.4,2474
0,0.0,0.0,18,1.0,0.0,1.0,0.0,0.0,0.0,1.0,1.0,1.0,96.05,1740.7,9654
0,0.0,0.0,48,1.0,1.0,1.0,0.0,0.0,1.0,0.0,1.0,1.0,70.95,3629.2,249
0,1.0,1.0,30,1.0,1.0,1.0,0.0,0.0,0.0,0.0,0.0,1.0,54.45,1588.7,6815
0,0.0,0.0,46,1.0,1.0,0.0,1.0,1.0,0.0,1.0,0.0,1.0,94.9,4422.95,8223
0,0.0,0.0,3,1.0,0.0,0.0,0.0,0.0,0.0,0.0,0.0,1.0,43.3,123.65,359
0,0.0,0.0,1,1.0,0.0,0.0,0.0,0.0,0.0,0.0,0.0,0.0,20.55,20.55,9240
0,0.0,0.0,1,1.0,0.0,0.0,0.0,0.0,0.0,0.0,0.0,0.0,19.2,19.2,4982
0,0.0,0.0,10,1.0,0.0,0.0,0.0,0.0,0.0,0.0,0.0,0.0,45.25,428.7,9739
0,0.0,0.0,10,1.0,0.0,0.0,0.0,0.0,0.0,0.0,0.0,1.0,20.55,187.35,3292
0,0.0,0.0,25,1.0,0.0,0.0,0.0,0.0,0.0,0.0,0.0,1.0,19.5,516.3,5884
1,1.0,1.0,55,1.0,1.0,1.0,0.0,1.0,1.0,1.0,0.0,0.0,76.25,4154.55,3551
0,0.0,0.0,38,1.0,1.0,1.0,1.0,1.0,1.0,0.0,0.0,0.0,69.95,2657.55,3557
0,1.0,1.0,50,1.0,1.0,0.0,1.0,0.0,1.0,1.0,1.0,0.0,103.7,5071.05,1850
0,1.0,1.0,72,1.0,1.0,0.0,0.0,0.0,0.0,0.0,0.0,0.0,23.75,1679.25,5753
0,0.0,0.0,32,1.0,0.0,0.0,0.0,0.0,0.0,0.0,0.0,0.0,19.8,607.7,6960
0,1.0,1.0,59,1.0,1.0,0.0,1.0,1.0,0.0,1.0,1.0,1.0,106.15,6256.2,3057
0,0.0,0.0,10,1.0,1.0,1.0,0.0,0.0,0.0,1.0,1.0,0.0,98.55,1008.55,7736
0,1.0,1.0,26,1.0,0.0,0.0,0.0,0.0,0.0,0.0,0.0,1.0,20.25,493.95,9481
0,1.0,1.0,2,1.0,0.0,0.0,0.0,0.0,0.0,0.0,0.0,0.0,20.2,34.75,5525
0,0.0,0.0,7,1.0,0.0,0.0,0.0,0.0,0.0,0.0,0.0,1.0,24.35,150.85,115
0,0.0,0.0,52,1.0,1.0,0.0,0.0,1.0,1.0,1.0,1.0,1.0,80.95,4233.95,4252
0,0.0,0.0,15,1.0,0.0,0.0,0.0,0.0,0.0,0.0,0.0,1.0,19.8,309.4,8585
0,0.0,0.0,23,1.0,0.0,0.0,0.0,0.0,0.0,0.0,0.0,0.0,20.45,481.1,3173
0,1.0,1.0,3,1.0,0.0,0.0,1.0,0.0,0.0,1.0,0.0,1.0,58.7,168.6,4522
0,1.0,1.0,1,0.0,0.0,1.0,0.0,0.0,0.0,0.0,0.0,0.0,30.5,30.5,8712
0,0.0,0.0,34,1.0,1.0,0.0,0.0,0.0,0.0,1.0,0.0,0.0,85.35,2896.6,2752
0,0.0,0.0,17,1.0,0.0,0.0,0.0,0.0,0.0,0.0,0.0,0.0,20.15,353.65,4927
1,1.0,0.0,3,0.0,0.0,0.0,1.0,0.0,0.0,0.0,0.0,1.0,30.75,82.85,4245
0,1.0,1.0,12,1.0,0.0,0.0,0.0,0.0,0.0,0.0,0.0,0.0,19.4,198.1,7250
0,0.0,0.0,12,1.0,1.0,0.0,0.0,0.0,1.0,1.0,1.0,1.0,99.95,1132.75,6835
0,1.0,1.0,13,1.0,0.0,1.0,0.0,1.0,0.0,0.0,1.0,1.0,63.15,1412.4,5070
0,1.0,1.0,38,1.0,0.0,1.0,0.0,1.0,1.0,1.0,1.0,0.0,81.0,3084.9,8266
0,0.0,0.0,1,1.0,0.0,0.0,0.0,0.0,0.0,0.0,0.0,0.0,19.65,19.65,8647
0,0.0,0.0,16,1.0,0.0,0.0,0.0,0.0,0.0,0.0,0.0,0.0,19.75,284.35,5302
0,1.0,1.0,51,1.0,1.0,0.0,0.0,0.0,1.0,0.0,0.0,1.0,80.75,4116.9,1212
0,1.0,0.0,28,1.0,0.0,0.0,0.0,0.0,0.0,0.0,0.0,0.0,20.5,563.05,3624
1,1.0,1.0,72,1.0,1.0,1.0,1.0,1.0,1.0,1.0,1.0,1.0,114.95,8196.4,8147
0,1.0,0.0,69,1.0,1.0,1.0,1.0,1.0,1.0,1.0,1.0,1.0,112.55,7806.5,5952
0,1.0,1.0,49,1.0,1.0,0.0,0.0,0.0,1.0,1.0,1.0,1.0,97.95,4917.9,2993
0,1.0,1.0,39,1.0,0.0,0.0,0.0,1.0,1.0,0.0,0.0,1.0,81.5,3107.3,9761
1,1.0,0.0,61,1.0,1.0,0.0,1.0,0.0,0.0,0.0,0.0,1.0,82.15,4904.85,6370
0,0.0,1.0,3,1.0,1.0,0.0,0.0,0.0,0.0,0.0,0.0,1.0,26.4,121.25,4144
0,0.0,0.0,7,1.0,0.0,0.0,0.0,0.0,0.0,0.0,0.0,0.0,20.25,129.15,5746
1,1.0,0.0,1,0.0,0.0,0.0,0.0,0.0,0.0,0.0,0.0,0.0,25.05,25.05,681
0,1.0,1.0,7,1.0,0.0,1.0,0.0,1.0,1.0,0.0,1.0,1.0,71.35,515.75,7412
0,0.0,0.0,1,1.0,0.0,0.0,0.0,0.0,0.0,0.0,1.0,1.0,81.95,81.95,4343
0,1.0,0.0,65,1.0,0.0,0.0,0.0,0.0,0.0,0.0,0.0,1.0,20.4,1414.45,1824
0,0.0,0.0,1,1.0,0.0,0.0,0.0,0.0,0.0,0.0,0.0,0.0,19.95,19.95,9682
0,1.0,1.0,67,1.0,1.0,0.0,1.0,1.0,0.0,1.0,1.0,1.0,105.4,6989.45,7437
0,1.0,1.0,60,1.0,1.0,1.0,0.0,1.0,1.0,1.0,1.0,1.0,110.6,6586.85,6584
0,1.0,1.0,59,1.0,1.0,0.0,0.0,0.0,0.0,0.0,0.0,0.0,25.45,1534.05,5727
0,0.0,0.0,1,1.0,1.0,0.0,0.0,0.0,0.0,0.0,0.0,1.0,75.3,75.3,6934
0,0.0,0.0,41,1.0,1.0,1.0,0.0,1.0,1.0,0.0,1.0,1.0,74.65,3090.65,9762
0,0.0,0.0,4,1.0,1.0,0.0,1.0,0.0,1.0,0.0,1.0,1.0,93.5,362.2,394
0,1.0,1.0,36,1.0,0.0,1.0,0.0,1.0,0.0,0.0,1.0,1.0,63.7,2188.5,8666
0,1.0,1.0,43,1.0,0.0,0.0,0.0,0.0,0.0,0.0,0.0,0.0,20.0,817.95,5720
0,1.0,1.0,72,1.0,1.0,0.0,0.0,0.0,0.0,0.0,0.0,0.0,25.1,1857.85,418
0,0.0,0.0,43,0.0,0.0,0.0,0.0,1.0,1.0,0.0,1.0,0.0,44.15,1931.3,9895
1,0.0,0.0,9,1.0,1.0,1.0,0.0,0.0,0.0,0.0,0.0,0.0,54.55,494.05,5294
0,1.0,0.0,68,1.0,1.0,1.0,1.0,1.0,1.0,1.0,1.0,1.0,90.8,6302.85,3480
0,0.0,0.0,31,1.0,0.0,0.0,0.0,0.0,0.0,0.0,0.0,0.0,20.4,609.1,6001
0,1.0,0.0,60,1.0,0.0,1.0,0.0,0.0,0.0,1.0,0.0,1.0,59.8,3561.15,5585
0,1.0,0.0,2,1.0,0.0,0.0,0.0,0.0,0.0,0.0,0.0,0.0,20.35,41.85,7890
0,0.0,0.0,18,1.0,1.0,0.0,0.0,1.0,1.0,1.0,1.0,1.0,82.0,1425.45,2943
0,1.0,1.0,4,1.0,0.0,0.0,1.0,0.0,1.0,0.0,0.0,0.0,56.5,235.1,2711
0,0.0,0.0,17,1.0,1.0,1.0,1.0,0.0,0.0,1.0,0.0,1.0,94.4,1617.5,1719
0,1.0,1.0,69,1.0,1.0,1.0,0.0,0.0,1.0,0.0,0.0,0.0,61.4,4059.85,119
0,1.0,1.0,70,1.0,1.0,1.0,0.0,0.0,0.0,0.0,1.0,0.0,65.2,4543.15,1776
1,0.0,0.0,1,1.0,0.0,0.0,0.0,0.0,0.0,0.0,0.0,1.0,69.6,69.6,1008
0,1.0,1.0,14,1.0,1.0,0.0,1.0,0.0,0.0,0.0,1.0,1.0,90.9,1259.0,7514
1,0.0,0.0,1,1.0,1.0,0.0,0.0,0.0,0.0,0.0,1.0,1.0,85.05,85.05,6896
0,1.0,1.0,22,1.0,0.0,1.0,1.0,0.0,1.0,0.0,0.0,1.0,57.95,1271.8,5611
0,0.0,0.0,36,1.0,0.0,1.0,1.0,1.0,1.0,1.0,0.0,1.0,76.35,2606.35,6506
0,1.0,1.0,6,1.0,0.0,0.0,0.0,0.0,0.0,0.0,0.0,1.0,44.6,260.8,9155
0,1.0,1.0,72,1.0,1.0,1.0,1.0,1.0,1.0,1.0,1.0,1.0,114.05,8468.2,4277
0,1.0,0.0,53,1.0,1.0,0.0,1.0,0.0,0.0,1.0,1.0,1.0,98.4,5149.5,7397
1,1.0,0.0,22,1.0,1.0,1.0,1.0,0.0,1.0,0.0,0.0,1.0,63.55,1412.4,4055
0,0.0,0.0,18,1.0,0.0,0.0,0.0,0.0,0.0,0.0,0.0,1.0,71.1,1247.75,5932
0,1.0,1.0,50,1.0,0.0,0.0,0.0,0.0,0.0,0.0,0.0,1.0,69.75,3557.7,2972
0,0.0,0.0,4,1.0,0.0,0.0,0.0,0.0,0.0,0.0,1.0,1.0,79.15,317.25,2403
1,0.0,0.0,9,1.0,1.0,0.0,0.0,1.0,0.0,1.0,0.0,1.0,90.1,816.8,8629
0,1.0,1.0,16,1.0,0.0,0.0,0.0,0.0,0.0,0.0,0.0,0.0,20.4,321.4,935
0,0.0,0.0,3,0.0,0.0,0.0,1.0,0.0,0.0,0.0,0.0,0.0,29.2,98.5,3726
0,0.0,0.0,10,0.0,0.0,0.0,0.0,0.0,0.0,0.0,1.0,1.0,33.9,298.45,3867
0,0.0,0.0,72,1.0,1.0,1.0,1.0,1.0,1.0,1.0,1.0,1.0,112.75,8192.6,7280
0,1.0,1.0,34,1.0,0.0,0.0,0.0,0.0,0.0,0.0,0.0,1.0,20.1,682.1,3404
0,0.0,0.0,13,1.0,0.0,0.0,0.0,0.0,0.0,0.0,0.0,1.0,20.4,251.65,5925
0,1.0,1.0,6,1.0,0.0,0.0,0.0,0.0,0.0,0.0,0.0,1.0,69.8,377.85,9480
0,1.0,0.0,51,1.0,0.0,1.0,1.0,1.0,1.0,1.0,1.0,1.0,83.25,4089.45,722
0,0.0,0.0,5,1.0,0.0,0.0,0.0,0.0,0.0,0.0,0.0,1.0,69.75,324.6,4706
0,1.0,1.0,38,1.0,0.0,1.0,1.0,0.0,0.0,0.0,0.0,0.0,54.5,2076.05,580
0,1.0,1.0,22,1.0,0.0,1.0,0.0,1.0,1.0,1.0,0.0,1.0,67.5,1544.05,4892
0,0.0,0.0,1,1.0,1.0,0.0,0.0,0.0,0.0,0.0,0.0,0.0,76.0,76.0,4686
0,0.0,0.0,39,0.0,0.0,1.0,1.0,0.0,1.0,0.0,0.0,0.0,41.15,1700.9,5915
0,1.0,1.0,39,1.0,0.0,1.0,1.0,1.0,0.0,0.0,0.0,0.0,59.8,2343.85,8288
0,1.0,1.0,5,1.0,1.0,0.0,0.0,0.0,0.0,0.0,0.0,1.0,25.9,135.0,9569
0,1.0,1.0,62,0.0,0.0,1.0,1.0,0.0,1.0,1.0,0.0,0.0,48.7,3008.55,754
0,1.0,0.0,61,1.0,0.0,0.0,0.0,0.0,0.0,0.0,0.0,1.0,20.55,1252.0,8713
0,1.0,1.0,72,1.0,0.0,1.0,1.0,1.0,1.0,1.0,1.0,1.0,108.3,1412.4,1014
0,1.0,0.0,71,1.0,1.0,1.0,1.0,1.0,1.0,0.0,1.0,1.0,80.1,5585.4,3203
0,0.0,0.0,8,1.0,0.0,0.0,1.0,0.0,0.0,0.0,0.0,0.0,75.6,535.55,8942
0,1.0,0.0,12,1.0,0.0,0.0,0.0,1.0,1.0,1.0,1.0,1.0,74.15,741.4,7653
0,0.0,0.0,34,1.0,1.0,0.0,0.0,0.0,0.0,0.0,0.0,0.0,26.1,980.35,8730
0,1.0,0.0,9,1.0,1.0,0.0,1.0,1.0,0.0,0.0,1.0,1.0,69.05,653.95,1450
0,1.0,0.0,72,1.0,1.0,0.0,0.0,0.0,0.0,0.0,0.0,0.0,24.55,1750.7,7224
1,1.0,0.0,2,1.0,0.0,0.0,0.0,1.0,0.0,1.0,1.0,1.0,95.5,181.65,5899
0,0.0,0.0,60,0.0,0.0,1.0,1.0,1.0,0.0,0.0,0.0,0.0,39.6,2424.5,3853
0,0.0,0.0,37,1.0,0.0,0.0,0.0,0.0,0.0,0.0,0.0,0.0,19.8,813.3,759
1,1.0,0.0,10,1.0,0.0,0.0,1.0,1.0,1.0,1.0,0.0,1.0,92.5,934.1,8972
0,1.0,1.0,63,1.0,1.0,0.0,1.0,0.0,0.0,0.0,1.0,1.0,91.35,5764.7,2315
0,1.0,0.0,12,1.0,0.0,1.0,1.0,1.0,0.0,0.0,0.0,1.0,84.6,959.9,432
1,1.0,0.0,58,0.0,0.0,0.0,1.0,1.0,0.0,0.0,1.0,1.0,45.3,2651.2,8607
0,1.0,1.0,46,1.0,1.0,0.0,1.0,0.0,0.0,0.0,0.0,1.0,80.0,1412.4,8075
0,1.0,0.0,71,1.0,1.0,1.0,1.0,0.0,0.0,1.0,0.0,0.0,95.65,6856.95,6738
0,1.0,1.0,2,1.0,0.0,0.0,0.0,0.0,0.0,1.0,1.0,1.0,89.55,185.55,5580
0,0.0,0.0,1,0.0,0.0,0.0,0.0,0.0,0.0,0.0,0.0,0.0,25.85,25.85,8957
0,0.0,0.0,7,1.0,0.0,0.0,0.0,1.0,0.0,0.0,0.0,1.0,75.15,525.0,3658
0,0.0,1.0,26,1.0,0.0,0.0,1.0,0.0,0.0,1.0,0.0,1.0,39.95,1023.75,4605
0,0.0,0.0,12,1.0,0.0,0.0,0.0,1.0,0.0,1.0,1.0,1.0,96.0,1412.4,3532
0,0.0,0.0,10,1.0,0.0,0.0,0.0,0.0,0.0,0.0,0.0,1.0,19.8,198.25,1631
0,0.0,0.0,11,0.0,0.0,0.0,1.0,1.0,0.0,0.0,0.0,0.0,34.7,383.55,9976
0,1.0,1.0,33,1.0,1.0,1.0,0.0,1.0,0.0,1.0,1.0,1.0,103.7,3467.0,2494
0,0.0,0.0,62,1.0,1.0,1.0,1.0,1.0,1.0,1.0,1.0,1.0,115.05,7133.45,2653
0,0.0,0.0,72,1.0,1.0,1.0,1.0,1.0,1.0,1.0,1.0,1.0,118.2,8547.15,7008
0,1.0,1.0,46,1.0,0.0,0.0,0.0,0.0,0.0,0.0,0.0,1.0,20.1,936.85,1705
0,0.0,1.0,72,1.0,0.0,0.0,0.0,0.0,0.0,0.0,0.0,0.0,19.9,1529.65,6659
0,1.0,1.0,31,1.0,1.0,1.0,0.0,1.0,1.0,0.0,0.0,0.0,89.3,2823.0,655
0,1.0,1.0,41,1.0,1.0,1.0,1.0,0.0,0.0,1.0,0.0,1.0,94.3,3893.6,485
0,0.0,0.0,1,1.0,0.0,0.0,0.0,0.0,0.0,0.0,0.0,1.0,20.1,20.1,7052
0,0.0,0.0,35,1.0,1.0,1.0,1.0,1.0,1.0,0.0,0.0,1.0,96.75,3403.4,1479
1,0.0,0.0,65,1.0,1.0,0.0,1.0,1.0,0.0,1.0,0.0,1.0,95.45,6223.3,6220
0,0.0,0.0,2,1.0,0.0,0.0,0.0,0.0,1.0,0.0,0.0,0.0,29.85,75.6,3741
0,0.0,0.0,1,1.0,0.0,0.0,0.0,0.0,0.0,0.0,0.0,0.0,20.6,20.6,246
0,0.0,0.0,1,1.0,0.0,0.0,0.0,0.0,0.0,0.0,0.0,1.0,42.9,42.9,134
0,1.0,1.0,38,1.0,1.0,0.0,0.0,1.0,1.0,1.0,0.0,1.0,94.9,3616.25,9036
0,1.0,1.0,45,1.0,0.0,0.0,0.0,0.0,0.0,0.0,0.0,0.0,20.85,892.15,6989
0,1.0,1.0,3,0.0,0.0,0.0,1.0,0.0,0.0,0.0,1.0,0.0,40.3,92.5,6830
1,1.0,0.0,51,1.0,1.0,1.0,0.0,1.0,0.0,0.0,1.0,1.0,93.65,4839.15,6886
0,0.0,0.0,1,1.0,0.0,0.0,1.0,0.0,0.0,0.0,0.0,0.0,50.65,50.65,2498
1,1.0,0.0,59,0.0,0.0,1.0,0.0,1.0,1.0,1.0,1.0,1.0,64.05,3886.85,1669
1,1.0,0.0,57,0.0,0.0,0.0,0.0,0.0,0.0,1.0,1.0,1.0,44.85,2572.95,3026
0,1.0,1.0,3,1.0,0.0,0.0,0.0,1.0,0.0,0.0,0.0,1.0,50.15,168.15,5004
0,1.0,0.0,9,1.0,0.0,0.0,1.0,1.0,1.0,1.0,0.0,1.0,94.85,890.6,8956
0,0.0,0.0,11,1.0,0.0,1.0,0.0,0.0,0.0,0.0,0.0,1.0,73.5,791.75,6265
0,0.0,0.0,3,1.0,0.0,0.0,0.0,0.0,0.0,1.0,1.0,1.0,92.0,266.8,1485
0,0.0,0.0,2,1.0,0.0,0.0,0.0,0.0,0.0,0.0,1.0,1.0,80.95,171.15,4598
0,1.0,0.0,7,1.0,0.0,1.0,0.0,1.0,1.0,1.0,1.0,0.0,81.25,580.1,4467
0,0.0,0.0,16,1.0,1.0,0.0,0.0,0.0,1.0,0.0,1.0,1.0,89.05,1448.6,2489
0,0.0,0.0,4,1.0,1.0,1.0,0.0,0.0,0.0,1.0,0.0,0.0,90.65,367.95,4866
0,0.0,0.0,4,1.0,0.0,0.0,0.0,1.0,1.0,1.0,1.0,1.0,74.4,299.7,4086
0,1.0,0.0,64,1.0,0.0,1.0,0.0,1.0,0.0,1.0,1.0,1.0,99.0,6375.8,6416
0,0.0,0.0,4,1.0,0.0,1.0,1.0,0.0,1.0,0.0,1.0,1.0,94.9,360.55,1614
0,1.0,0.0,71,1.0,1.0,0.0,1.0,1.0,1.0,1.0,1.0,0.0,109.25,7707.7,8109
0,0.0,0.0,4,1.0,0.0,0.0,0.0,1.0,0.0,0.0,0.0,1.0,73.9,280.85,1991
0,0.0,1.0,1,1.0,0.0,0.0,0.0,0.0,0.0,1.0,0.0,1.0,79.35,79.35,1043
0,0.0,0.0,7,1.0,0.0,0.0,0.0,0.0,0.0,1.0,0.0,1.0,80.3,526.7,448
0,1.0,0.0,3,1.0,0.0,0.0,0.0,0.0,0.0,0.0,0.0,1.0,70.3,208.85,9162
0,1.0,1.0,62,1.0,1.0,0.0,0.0,0.0,0.0,0.0,0.0,0.0,24.8,1412.4,9081
1,0.0,0.0,1,1.0,0.0,0.0,0.0,0.0,0.0,0.0,0.0,1.0,69.6,69.6,2048
0,0.0,0.0,12,1.0,1.0,1.0,0.0,0.0,0.0,0.0,0.0,1.0,78.95,927.35,2883
0,1.0,1.0,16,1.0,0.0,0.0,0.0,0.0,0.0,0.0,0.0,0.0,19.75,313.4,1186
0,0.0,0.0,15,1.0,1.0,0.0,0.0,0.0,0.0,0.0,0.0,1.0,76.0,1130.85,2465
0,0.0,1.0,10,0.0,0.0,1.0,1.0,0.0,1.0,0.0,0.0,0.0,40.25,411.45,3869
1,0.0,0.0,60,1.0,1.0,1.0,0.0,0.0,0.0,1.0,1.0,1.0,101.4,6176.6,1548
0,1.0,1.0,5,0.0,0.0,0.0,1.0,0.0,0.0,0.0,0.0,1.0,30.5,167.2,4308
1,0.0,0.0,13,1.0,1.0,1.0,0.0,0.0,0.0,1.0,1.0,1.0,100.8,1308.1,414
0,1.0,1.0,39,1.0,1.0,0.0,0.0,0.0,0.0,0.0,0.0,1.0,24.2,914.6,9585
1,0.0,0.0,1,1.0,0.0,1.0,0.0,1.0,0.0,0.0,0.0,1.0,55.8,55.8,1400
0,0.0,0.0,9,1.0,0.0,1.0,0.0,0.0,0.0,0.0,0.0,1.0,74.25,639.65,1591
0,1.0,1.0,3,1.0,0.0,0.0,0.0,0.0,0.0,0.0,0.0,0.0,44.3,134.5,7365
0,0.0,0.0,72,1.0,1.0,1.0,1.0,1.0,1.0,0.0,0.0,0.0,69.65,4908.25,5096
0,0.0,1.0,2,1.0,0.0,0.0,0.0,0.0,0.0,0.0,0.0,0.0,20.4,42.9,9971
1,0.0,0.0,2,1.0,1.0,0.0,0.0,0.0,0.0,0.0,0.0,1.0,75.45,158.4,4638
1,1.0,0.0,44,1.0,0.0,0.0,0.0,0.0,0.0,0.0,0.0,1.0,19.35,847.25,9827
0,1.0,0.0,28,1.0,0.0,1.0,1.0,0.0,1.0,0.0,0.0,0.0,60.9,1785.65,8138
0,0.0,0.0,41,1.0,0.0,0.0,0.0,0.0,0.0,0.0,0.0,1.0,19.85,810.45,953
0,1.0,0.0,59,1.0,0.0,0.0,0.0,0.0,0.0,0.0,0.0,0.0,20.35,1267.0,2457
0,0.0,1.0,18,1.0,1.0,0.0,0.0,0.0,0.0,0.0,0.0,0.0,25.3,454.65,8488
0,0.0,0.0,62,1.0,1.0,1.0,1.0,1.0,1.0,0.0,0.0,0.0,69.4,4237.5,7179
0,1.0,0.0,6,1.0,1.0,0.0,0.0,0.0,0.0,0.0,0.0,1.0,75.5,438.0,8206
1,1.0,0.0,72,1.0,1.0,1.0,1.0,1.0,0.0,1.0,1.0,1.0,109.55,7920.7,4956
0,0.0,0.0,2,1.0,0.0,0.0,0.0,0.0,0.0,0.0,0.0,0.0,44.45,82.7,7249
0,1.0,1.0,15,1.0,1.0,0.0,0.0,0.0,0.0,0.0,0.0,1.0,25.25,394.85,793
0,0.0,0.0,63,1.0,1.0,0.0,1.0,0.0,0.0,0.0,1.0,0.0,90.45,5825.5,6207
0,1.0,1.0,10,1.0,0.0,0.0,1.0,1.0,0.0,0.0,0.0,1.0,55.55,551.3,7971
0,0.0,0.0,26,0.0,0.0,1.0,1.0,0.0,0.0,0.0,1.0,1.0,44.65,1156.55,7608
0,1.0,1.0,29,0.0,0.0,1.0,1.0,1.0,1.0,0.0,1.0,1.0,55.35,1636.95,2682
0,0.0,0.0,56,1.0,1.0,1.0,1.0,0.0,1.0,0.0,0.0,1.0,64.65,3665.55,7891
0,0.0,0.0,17,1.0,1.0,0.0,0.0,0.0,0.0,0.0,0.0,0.0,24.8,475.25,7717
0,1.0,1.0,30,1.0,0.0,0.0,1.0,1.0,1.0,1.0,1.0,0.0,80.8,2369.3,122
0,0.0,0.0,9,0.0,0.0,0.0,1.0,0.0,0.0,0.0,1.0,0.0,40.75,359.4,1084
0,0.0,0.0,66,1.0,1.0,1.0,1.0,1.0,1.0,0.0,1.0,1.0,103.1,6595.0,4312
0,0.0,0.0,1,1.0,0.0,0.0,0.0,0.0,0.0,0.0,0.0,1.0,70.6,70.6,2692
0,1.0,1.0,72,1.0,1.0,1.0,0.0,1.0,1.0,1.0,1.0,0.0,84.7,5893.9,5378
0,1.0,1.0,1,1.0,1.0,1.0,0.0,1.0,0.0,1.0,1.0,1.0,102.45,102.45,1191
0,1.0,0.0,27,1.0,1.0,0.0,0.0,1.0,0.0,0.0,1.0,0.0,90.15,2423.4,6589
0,0.0,0.0,70,1.0,1.0,0.0,0.0,0.0,0.0,0.0,0.0,0.0,26.05,1856.4,368
0,1.0,1.0,69,0.0,0.0,1.0,0.0,1.0,0.0,0.0,1.0,1.0,43.95,2960.1,1454
1,1.0,0.0,8,1.0,0.0,1.0,0.0,0.0,0.0,1.0,0.0,0.0,60.9,551.95,3950
0,1.0,0.0,17,1.0,1.0,1.0,1.0,1.0,0.0,0.0,0.0,0.0,90.2,1454.15,6619
0,0.0,0.0,20,1.0,1.0,0.0,0.0,1.0,0.0,1.0,0.0,1.0,88.7,1761.45,6918
1,1.0,0.0,1,1.0,1.0,0.0,0.0,0.0,0.0,0.0,0.0,1.0,73.55,73.55,6513
0,0.0,0.0,1,1.0,0.0,0.0,0.0,0.0,1.0,0.0,0.0,0.0,49.0,49.0,2986
0,0.0,0.0,41,1.0,1.0,0.0,0.0,1.0,0.0,0.0,0.0,1.0,55.7,2237.55,9563
0,0.0,0.0,3,1.0,1.0,0.0,0.0,0.0,0.0,0.0,0.0,0.0,74.5,217.45,894
0,0.0,0.0,1,1.0,0.0,0.0,0.0,0.0,0.0,1.0,0.0,1.0,54.65,54.65,7394
0,0.0,0.0,12,1.0,0.0,0.0,0.0,0.0,0.0,0.0,0.0,0.0,20.45,255.35,8339
0,1.0,1.0,52,1.0,0.0,0.0,0.0,0.0,0.0,0.0,0.0,1.0,20.85,1071.6,2210
0,1.0,0.0,20,1.0,0.0,0.0,0.0,0.0,0.0,0.0,0.0,0.0,20.65,417.5,681
0,0.0,0.0,48,1.0,0.0,1.0,1.0,0.0,0.0,0.0,0.0,0.0,55.5,2627.35,1348
1,1.0,0.0,18,1.0,0.0,1.0,0.0,0.0,0.0,0.0,1.0,1.0,59.1,1011.05,6979
1,0.0,0.0,26,1.0,1.0,0.0,0.0,0.0,1.0,0.0,1.0,1.0,66.05,1652.4,127
0,1.0,1.0,9,1.0,0.0,0.0,1.0,0.0,0.0,0.0,0.0,1.0,29.95,248.95,2047
0,0.0,0.0,1,1.0,0.0,0.0,0.0,0.0,0.0,0.0,1.0,1.0,79.25,79.25,9793
0,1.0,0.0,46,1.0,1.0,0.0,1.0,1.0,0.0,1.0,0.0,1.0,94.65,4312.5,7205
0,0.0,0.0,14,1.0,0.0,0.0,0.0,0.0,0.0,0.0,0.0,1.0,20.05,299.3,8583
1,0.0,0.0,1,1.0,0.0,0.0,0.0,1.0,0.0,0.0,1.0,1.0,85.0,85.0,9131
0,0.0,0.0,1,1.0,0.0,0.0,0.0,0.0,0.0,0.0,0.0,1.0,44.95,44.95,8293
0,1.0,0.0,72,1.0,1.0,1.0,1.0,1.0,1.0,0.0,0.0,1.0,67.8,4804.65,3369
0,1.0,1.0,55,1.0,0.0,1.0,1.0,0.0,0.0,0.0,0.0,0.0,55.7,3131.8,6132
0,1.0,0.0,71,1.0,0.0,0.0,0.0,0.0,0.0,0.0,0.0,0.0,19.85,1379.6,2284
0,0.0,0.0,3,1.0,0.0,0.0,0.0,0.0,1.0,0.0,1.0,0.0,85.8,272.2,9116
0,0.0,0.0,60,1.0,1.0,0.0,1.0,0.0,0.0,1.0,0.0,1.0,89.9,5450.7,6194
0,1.0,1.0,72,1.0,1.0,1.0,1.0,1.0,1.0,0.0,0.0,0.0,69.85,5102.35,6268
0,1.0,1.0,1,1.0,0.0,0.0,0.0,0.0,0.0,0.0,0.0,1.0,19.9,19.9,7812
0,0.0,0.0,5,1.0,1.0,0.0,0.0,0.0,0.0,0.0,0.0,0.0,75.55,413.65,869
0,1.0,1.0,66,1.0,0.0,1.0,1.0,0.0,1.0,0.0,0.0,1.0,58.2,3810.8,2326
0,0.0,0.0,47,1.0,1.0,1.0,1.0,0.0,1.0,0.0,1.0,0.0,74.05,3496.3,8215
0,1.0,1.0,34,0.0,0.0,0.0,0.0,0.0,1.0,1.0,0.0,1.0,40.55,1325.85,8308
0,0.0,0.0,1,1.0,0.0,0.0,1.0,0.0,0.0,0.0,0.0,1.0,48.6,48.6,2040
1,0.0,0.0,38,1.0,1.0,0.0,0.0,0.0,1.0,1.0,1.0,1.0,99.55,1412.4,1858
0,0.0,0.0,10,1.0,0.0,0.0,0.0,0.0,0.0,0.0,0.0,1.0,19.3,185.2,1147
0,0.0,0.0,1,1.0,1.0,0.0,0.0,0.0,0.0,1.0,1.0,1.0,94.6,94.6,517
0,0.0,0.0,10,1.0,0.0,0.0,0.0,0.0,0.0,0.0,0.0,0.0,70.15,735.5,9676
0,1.0,1.0,1,1.0,0.0,0.0,0.0,0.0,0.0,0.0,0.0,1.0,69.95,69.95,2231
0,1.0,0.0,59,1.0,0.0,1.0,1.0,1.0,0.0,1.0,0.0,0.0,66.4,3958.2,3523
1,0.0,0.0,69,1.0,0.0,0.0,0.0,0.0,0.0,0.0,0.0,0.0,20.3,1412.4,7763
0,1.0,0.0,59,1.0,1.0,0.0,1.0,0.0,1.0,1.0,1.0,1.0,80.1,4693.2,7479
0,0.0,0.0,4,1.0,0.0,0.0,0.0,0.0,0.0,0.0,0.0,1.0,19.65,67.55,9547
0,0.0,0.0,21,1.0,0.0,0.0,1.0,1.0,0.0,0.0,1.0,1.0,90.05,1862.9,7788
0,0.0,0.0,16,1.0,1.0,0.0,0.0,1.0,0.0,0.0,1.0,1.0,65.2,1043.35,9194
0,1.0,0.0,46,1.0,0.0,0.0,1.0,0.0,1.0,1.0,0.0,1.0,64.2,3009.5,7869
0,0.0,0.0,3,1.0,0.0,1.0,0.0,0.0,1.0,0.0,0.0,1.0,82.3,214.4,9356
0,1.0,1.0,65,1.0,0.0,1.0,0.0,0.0,1.0,1.0,1.0,1.0,74.8,4820.15,3829
0,1.0,1.0,7,1.0,1.0,0.0,0.0,0.0,0.0,0.0,0.0,0.0,48.8,349.8,9816
0,1.0,0.0,37,1.0,1.0,1.0,0.0,0.0,0.0,0.0,0.0,1.0,55.05,2030.75,9516
0,0.0,0.0,34,0.0,0.0,0.0,0.0,0.0,0.0,0.0,0.0,1.0,25.05,852.7,3462
0,0.0,0.0,69,1.0,1.0,1.0,1.0,1.0,1.0,1.0,1.0,0.0,90.65,6322.1,3408
1,1.0,0.0,2,1.0,0.0,0.0,0.0,1.0,0.0,0.0,0.0,1.0,74.2,140.1,6584
0,0.0,0.0,64,1.0,1.0,0.0,1.0,1.0,1.0,1.0,1.0,0.0,86.55,5632.55,6691
0,1.0,0.0,21,0.0,0.0,1.0,0.0,0.0,0.0,0.0,0.0,0.0,28.5,629.35,8671
1,0.0,0.0,15,1.0,0.0,0.0,0.0,0.0,0.0,0.0,1.0,1.0,79.4,1156.1,6469
0,0.0,0.0,12,1.0,1.0,0.0,1.0,1.0,0.0,1.0,1.0,1.0,106.7,1253.9,9325
0,1.0,0.0,50,1.0,0.0,0.0,0.0,0.0,0.0,0.0,0.0,1.0,19.85,943.1,1335
0,1.0,1.0,56,1.0,1.0,1.0,1.0,1.0,1.0,1.0,0.0,0.0,81.25,4620.4,5101
0,0.0,1.0,60,1.0,0.0,0.0,0.0,0.0,0.0,0.0,0.0,0.0,19.95,1189.9,6487
0,0.0,0.0,5,1.0,0.0,1.0,0.0,1.0,0.0,0.0,0.0,0.0,55.8,300.4,8783
0,0.0,0.0,28,1.0,0.0,1.0,1.0,0.0,0.0,0.0,0.0,0.0,56.05,1522.65,2337
0,0.0,0.0,23,1.0,0.0,1.0,0.0,1.0,0.0,1.0,1.0,1.0,99.95,2292.75,3525
0,1.0,1.0,13,1.0,0.0,0.0,0.0,0.0,0.0,0.0,1.0,0.0,55.95,734.35,7868
0,1.0,1.0,64,1.0,1.0,1.0,0.0,0.0,1.0,0.0,0.0,1.0,86.8,5327.25,2240
0,0.0,0.0,3,1.0,1.0,0.0,1.0,1.0,0.0,1.0,1.0,0.0,107.95,313.6,9874
0,1.0,1.0,72,1.0,1.0,1.0,1.0,1.0,1.0,0.0,1.0,1.0,104.9,7537.5,7295
0,1.0,1.0,26,1.0,1.0,0.0,1.0,0.0,1.0,0.0,0.0,1.0,60.05,1616.15,1832
0,1.0,1.0,18,1.0,0.0,0.0,0.0,0.0,0.0,0.0,0.0,0.0,20.45,357.0,8482
1,0.0,0.0,15,1.0,0.0,0.0,1.0,0.0,0.0,0.0,0.0,1.0,74.4,1074.3,8805
0,1.0,1.0,17,1.0,0.0,0.0,0.0,0.0,0.0,0.0,0.0,1.0,69.0,1149.65,3153
0,0.0,0.0,2,1.0,0.0,0.0,1.0,0.0,0.0,0.0,0.0,1.0,49.6,114.7,6585
0,1.0,0.0,2,1.0,0.0,0.0,1.0,1.0,0.0,0.0,0.0,0.0,79.7,165.0,7221
0,0.0,0.0,14,1.0,0.0,0.0,0.0,0.0,1.0,0.0,1.0,0.0,59.1,772.85,772
0,0.0,0.0,12,1.0,0.0,0.0,0.0,0.0,0.0,0.0,0.0,0.0,19.45,227.45,5053
0,1.0,0.0,72,1.0,1.0,1.0,1.0,1.0,1.0,1.0,1.0,1.0,113.65,8182.75,1607
0,0.0,0.0,51,1.0,1.0,0.0,0.0,1.0,0.0,0.0,0.0,0.0,80.0,4242.35,1340
0,1.0,1.0,61,1.0,0.0,0.0,1.0,1.0,1.0,1.0,1.0,0.0,103.9,6449.15,8137
0,1.0,1.0,47,1.0,0.0,0.0,0.0,0.0,0.0,0.0,0.0,1.0,21.3,1041.8,3557
0,0.0,0.0,55,1.0,1.0,0.0,0.0,0.0,0.0,0.0,0.0,1.0,73.1,4144.9,3806
1,1.0,0.0,23,1.0,0.0,1.0,0.0,0.0,0.0,1.0,1.0,1.0,95.1,2326.05,2106
0,1.0,0.0,34,1.0,1.0,0.0,1.0,0.0,0.0,0.0,1.0,0.0,88.85,1412.4,9792
0,1.0,1.0,18,1.0,0.0,1.0,0.0,1.0,1.0,1.0,1.0,0.0,83.25,1611.15,2801
0,0.0,1.0,13,0.0,0.0,0.0,1.0,0.0,0.0,0.0,0.0,0.0,30.15,382.2,7346
1,0.0,0.0,22,1.0,1.0,0.0,0.0,0.0,0.0,1.0,1.0,1.0,96.7,2082.95,1105
0,1.0,0.0,12,1.0,0.0,0.0,1.0,0.0,0.0,0.0,0.0,1.0,51.25,612.1,1427
0,0.0,0.0,30,1.0,1.0,0.0,0.0,0.0,1.0,0.0,1.0,1.0,89.9,2723.15,1729
0,0.0,0.0,53,1.0,1.0,1.0,1.0,1.0,0.0,1.0,0.0,0.0,98.6,5311.85,4454
0,0.0,0.0,46,1.0,1.0,1.0,1.0,0.0,0.0,0.0,0.0,0.0,84.25,3847.6,9566
1,0.0,0.0,1,1.0,1.0,0.0,0.0,0.0,0.0,1.0,1.0,1.0,94.0,94.0,8371
0,0.0,1.0,71,1.0,1.0,1.0,0.0,1.0,0.0,1.0,1.0,0.0,106.7,7382.25,9352
0,1.0,1.0,31,1.0,1.0,0.0,0.0,0.0,0.0,0.0,0.0,0.0,25.75,755.6,6366
1,0.0,0.0,71,1.0,1.0,0.0,1.0,0.0,0.0,1.0,1.0,1.0,99.65,6951.15,1469
1,1.0,0.0,34,1.0,1.0,0.0,0.0,0.0,0.0,0.0,0.0,1.0,75.55,2425.4,8606
0,0.0,0.0,27,1.0,1.0,0.0,0.0,1.0,0.0,0.0,0.0,1.0,81.3,2272.8,6121
0,0.0,0.0,42,1.0,1.0,0.0,0.0,1.0,1.0,1.0,1.0,1.0,78.45,3373.4,6980
0,0.0,0.0,10,1.0,1.0,0.0,1.0,1.0,0.0,0.0,1.0,1.0,94.85,953.45,7053
1,0.0,0.0,50,1.0,1.0,0.0,0.0,0.0,0.0,1.0,1.0,1.0,95.7,4816.7,3045
0,0.0,0.0,24,1.0,0.0,0.0,0.0,0.0,0.0,0.0,0.0,0.0,20.75,487.05,2628
0,1.0,1.0,32,0.0,0.0,0.0,0.0,1.0,1.0,0.0,0.0,1.0,36.25,1151.05,7340
0,0.0,0.0,1,1.0,0.0,0.0,0.0,0.0,0.0,0.0,0.0,1.0,20.2,20.2,9338
0,1.0,0.0,70,1.0,1.0,1.0,0.0,1.0,1.0,0.0,1.0,0.0,77.3,5498.2,2811
0,0.0,0.0,18,1.0,1.0,0.0,0.0,0.0,1.0,1.0,1.0,1.0,99.85,1776.95,2857
0,0.0,0.0,69,1.0,1.0,0.0,0.0,0.0,0.0,0.0,0.0,0.0,24.6,1678.05,7178
0,1.0,1.0,49,1.0,1.0,0.0,0.0,0.0,0.0,1.0,1.0,1.0,95.6,4783.5,1036
0,0.0,0.0,1,1.0,0.0,0.0,0.0,0.0,0.0,0.0,0.0,1.0,44.45,44.45,5774
0,0.0,0.0,26,1.0,1.0,0.0,0.0,0.0,0.0,0.0,1.0,1.0,83.95,2254.2,3197
0,0.0,0.0,50,1.0,1.0,0.0,0.0,0.0,0.0,1.0,1.0,1.0,95.7,4729.75,6296
0,0.0,0.0,29,1.0,1.0,1.0,1.0,0.0,1.0,0.0,0.0,0.0,67.45,1801.1,9452
1,0.0,0.0,8,1.0,0.0,0.0,0.0,1.0,0.0,0.0,0.0,1.0,74.05,600.15,6837
0,0.0,0.0,6,1.0,0.0,0.0,0.0,0.0,0.0,1.0,0.0,1.0,80.5,463.05,4393
0,1.0,1.0,72,1.0,1.0,1.0,0.0,1.0,1.0,1.0,1.0,0.0,107.45,1412.4,1781
0,0.0,0.0,17,1.0,0.0,0.0,0.0,0.0,0.0,0.0,0.0,1.0,20.5,1412.4,6644
0,0.0,0.0,1,1.0,0.0,0.0,0.0,0.0,0.0,0.0,0.0,0.0,44.0,44.0,8565
0,1.0,1.0,28,1.0,0.0,1.0,0.0,0.0,0.0,0.0,1.0,1.0,82.85,2320.8,8657
0,0.0,0.0,45,1.0,1.0,0.0,0.0,1.0,0.0,0.0,1.0,1.0,89.3,4192.15,7659
0,1.0,1.0,71,1.0,1.0,1.0,1.0,0.0,1.0,0.0,0.0,1.0,66.85,4748.7,5123
0,0.0,0.0,6,1.0,1.0,1.0,0.0,0.0,0.0,0.0,0.0,1.0,79.05,434.5,6787
0,1.0,0.0,39,1.0,0.0,1.0,0.0,1.0,1.0,1.0,1.0,1.0,104.7,4134.85,9452
1,1.0,0.0,54,1.0,1.0,0.0,1.0,1.0,1.0,1.0,1.0,1.0,110.45,6077.75,7599
0,1.0,1.0,67,1.0,1.0,1.0,0.0,1.0,1.0,0.0,1.0,1.0,100.25,6689.0,9800
0,0.0,0.0,22,1.0,1.0,0.0,0.0,0.0,0.0,1.0,0.0,1.0,84.15,1821.95,4936
0,1.0,1.0,45,1.0,1.0,0.0,1.0,1.0,0.0,0.0,1.0,1.0,95.0,4368.85,4243
0,0.0,0.0,1,1.0,0.0,0.0,0.0,0.0,0.0,0.0,0.0,1.0,44.05,44.05,3679
0,1.0,0.0,62,1.0,1.0,1.0,1.0,1.0,1.0,1.0,1.0,0.0,113.95,6891.4,3823
0,0.0,0.0,20,1.0,1.0,0.0,1.0,0.0,1.0,0.0,1.0,1.0,68.9,1370.35,5501
1,1.0,0.0,55,1.0,1.0,0.0,0.0,0.0,0.0,0.0,0.0,0.0,51.65,1412.4,8298
1,0.0,0.0,45,1.0,1.0,0.0,0.0,0.0,0.0,1.0,1.0,1.0,93.9,4200.25,2926
0,0.0,0.0,1,1.0,0.0,0.0,0.0,0.0,0.0,0.0,0.0,0.0,21.1,21.1,5204
1,0.0,0.0,1,1.0,1.0,0.0,0.0,0.0,0.0,0.0,0.0,1.0,76.45,76.45,8073
0,1.0,1.0,52,1.0,1.0,0.0,0.0,0.0,0.0,0.0,0.0,1.0,25.05,1270.25,4920
0,1.0,1.0,35,1.0,1.0,0.0,0.0,0.0,0.0,0.0,0.0,1.0,25.4,949.8,6164
0,1.0,0.0,70,1.0,1.0,0.0,1.0,1.0,1.0,1.0,0.0,0.0,76.1,5264.25,6381
0,0.0,1.0,25,1.0,0.0,0.0,1.0,0.0,1.0,0.0,0.0,1.0,54.75,1266.35,9071
0,0.0,0.0,2,1.0,0.0,0.0,0.0,0.0,0.0,0.0,0.0,0.0,20.25,1412.4,6883
0,0.0,0.0,23,1.0,1.0,0.0,0.0,0.0,0.0,0.0,0.0,0.0,24.8,615.35,9235
0,1.0,0.0,71,1.0,1.0,0.0,1.0,0.0,1.0,1.0,1.0,1.0,104.15,7365.3,2293
0,1.0,1.0,72,1.0,1.0,1.0,1.0,1.0,1.0,1.0,1.0,1.0,114.3,8058.55,1709
0,1.0,1.0,13,1.0,0.0,0.0,0.0,1.0,0.0,1.0,1.0,1.0,96.65,1162.85,3396
0,0.0,0.0,21,1.0,0.0,1.0,0.0,1.0,1.0,0.0,0.0,1.0,60.25,1258.35,5807
0,1.0,1.0,31,1.0,0.0,0.0,0.0,0.0,0.0,0.0,0.0,1.0,20.65,702.05,5412
0,0.0,0.0,27,1.0,0.0,0.0,1.0,0.0,1.0,0.0,0.0,1.0,56.15,1439.35,8668
0,0.0,0.0,51,1.0,1.0,0.0,1.0,1.0,1.0,1.0,1.0,1.0,111.5,5703.25,4208
0,0.0,1.0,26,1.0,0.0,0.0,1.0,1.0,1.0,1.0,1.0,1.0,105.45,2715.3,3445
0,0.0,0.0,41,1.0,0.0,0.0,0.0,0.0,0.0,0.0,0.0,0.0,20.0,810.3,1762
0,1.0,1.0,61,1.0,1.0,1.0,1.0,1.0,0.0,0.0,1.0,1.0,100.7,6018.65,8132
0,1.0,1.0,1,1.0,0.0,0.0,0.0,0.0,0.0,0.0,0.0,1.0,70.65,70.65,1335
0,0.0,0.0,2,1.0,0.0,0.0,0.0,0.0,0.0,0.0,0.0,1.0,20.0,40.9,6137
0,0.0,0.0,65,1.0,1.0,1.0,1.0,1.0,0.0,1.0,1.0,1.0,111.05,1412.4,3517
0,1.0,1.0,31,1.0,0.0,0.0,0.0,0.0,0.0,0.0,0.0,1.0,19.55,658.95,8947
0,1.0,0.0,69,1.0,0.0,1.0,1.0,0.0,1.0,1.0,1.0,1.0,106.4,7251.9,1204
0,1.0,1.0,41,0.0,0.0,1.0,0.0,1.0,0.0,0.0,0.0,0.0,35.4,1412.4,3296
0,0.0,0.0,65,1.0,1.0,0.0,1.0,1.0,0.0,1.0,0.0,1.0,95.5,1412.4,953
0,0.0,0.0,2,1.0,0.0,0.0,0.0,0.0,0.0,0.0,0.0,0.0,19.4,61.05,3365
0,0.0,0.0,26,1.0,0.0,0.0,0.0,0.0,0.0,0.0,0.0,1.0,69.05,1412.4,6368
0,0.0,0.0,4,1.0,0.0,0.0,1.0,0.0,0.0,0.0,0.0,1.0,76.65,333.6,9639
0,0.0,0.0,7,1.0,0.0,0.0,0.0,0.0,0.0,0.0,0.0,0.0,19.45,165.35,5649
1,1.0,1.0,35,1.0,0.0,0.0,1.0,0.0,1.0,1.0,1.0,1.0,76.05,2747.2,9446
0,1.0,1.0,72,0.0,0.0,1.0,1.0,1.0,1.0,1.0,1.0,1.0,63.8,4684.3,5509
0,1.0,0.0,35,1.0,0.0,1.0,1.0,1.0,0.0,0.0,0.0,0.0,61.0,2130.45,8846
0,0.0,0.0,70,0.0,0.0,1.0,0.0,1.0,1.0,1.0,1.0,1.0,58.35,4214.25,3531
0,0.0,0.0,72,1.0,0.0,1.0,1.0,1.0,1.0,1.0,1.0,1.0,65.55,4807.45,4661
1,1.0,1.0,48,0.0,0.0,0.0,1.0,0.0,0.0,0.0,0.0,0.0,29.9,1412.4,9959
0,1.0,1.0,58,1.0,1.0,0.0,0.0,0.0,0.0,1.0,0.0,0.0,82.5,4828.05,5525
0,1.0,1.0,72,1.0,1.0,1.0,1.0,1.0,1.0,0.0,1.0,1.0,104.9,7732.65,5101
0,1.0,0.0,67,1.0,1.0,0.0,1.0,0.0,0.0,1.0,0.0,1.0,88.4,5798.3,2728
1,1.0,1.0,12,0.0,0.0,0.0,0.0,0.0,1.0,0.0,0.0,1.0,29.3,355.9,7710
0,1.0,1.0,72,1.0,0.0,0.0,0.0,0.0,0.0,0.0,0.0,1.0,20.1,1326.25,9990
0,0.0,0.0,13,0.0,0.0,0.0,1.0,0.0,0.0,0.0,0.0,1.0,31.65,389.95,5021
0,0.0,0.0,26,1.0,0.0,0.0,0.0,0.0,1.0,1.0,0.0,0.0,59.45,1507.0,2701
0,1.0,1.0,56,1.0,0.0,0.0,0.0,0.0,0.0,0.0,0.0,1.0,19.8,1119.9,4957
0,0.0,0.0,72,1.0,1.0,0.0,1.0,1.0,1.0,1.0,1.0,1.0,88.6,6201.95,4932
0,0.0,0.0,2,1.0,1.0,0.0,1.0,0.0,0.0,0.0,0.0,1.0,82.0,184.65,5472
0,1.0,0.0,46,1.0,0.0,1.0,1.0,1.0,1.0,0.0,0.0,0.0,65.65,3047.15,6174
1,0.0,0.0,55,0.0,0.0,0.0,0.0,1.0,0.0,1.0,1.0,1.0,50.05,2743.45,4025
0,0.0,1.0,39,1.0,0.0,0.0,0.0,0.0,0.0,0.0,0.0,0.0,19.35,779.2,6533
0,1.0,1.0,8,1.0,1.0,0.0,1.0,0.0,0.0,0.0,0.0,0.0,55.75,446.8,8153
0,0.0,0.0,67,1.0,0.0,0.0,0.0,0.0,0.0,0.0,0.0,1.0,19.8,1311.3,2564
1,1.0,0.0,68,1.0,1.0,0.0,0.0,1.0,0.0,0.0,0.0,1.0,80.35,5589.3,5013
0,1.0,0.0,44,1.0,0.0,1.0,1.0,1.0,0.0,0.0,0.0,1.0,61.5,2722.2,9639
0,0.0,0.0,31,1.0,0.0,1.0,1.0,1.0,1.0,1.0,0.0,1.0,72.45,2156.25,2812
0,0.0,0.0,2,1.0,1.0,0.0,0.0,1.0,0.0,0.0,0.0,0.0,80.6,155.8,4831
0,0.0,0.0,66,1.0,0.0,1.0,1.0,0.0,0.0,0.0,0.0,1.0,54.8,3465.7,7973
0,1.0,1.0,47,1.0,0.0,0.0,1.0,0.0,1.0,0.0,1.0,0.0,63.8,3007.25,4570
0,1.0,1.0,22,1.0,0.0,0.0,0.0,0.0,1.0,0.0,0.0,1.0,51.1,1232.9,8686
0,1.0,0.0,58,1.0,1.0,0.0,1.0,0.0,1.0,0.0,0.0,1.0,59.9,3505.1,2310
0,1.0,1.0,40,1.0,1.0,1.0,1.0,0.0,1.0,1.0,1.0,1.0,110.1,4469.1,7849
0,1.0,1.0,57,1.0,0.0,1.0,0.0,1.0,1.0,0.0,0.0,1.0,59.3,3274.35,2014
0,1.0,0.0,19,1.0,0.0,1.0,0.0,0.0,0.0,0.0,0.0,1.0,73.2,1441.1,4163
0,1.0,0.0,72,1.0,1.0,0.0,1.0,1.0,1.0,1.0,1.0,1.0,85.45,6227.5,5145
0,0.0,0.0,66,1.0,1.0,0.0,0.0,0.0,0.0,0.0,0.0,0.0,25.1,1697.7,2461
0,1.0,1.0,18,1.0,0.0,0.0,0.0,0.0,0.0,0.0,0.0,1.0,20.25,401.95,3649
0,0.0,0.0,6,1.0,0.0,1.0,0.0,1.0,1.0,1.0,1.0,0.0,78.65,483.3,8303
0,1.0,0.0,70,1.0,1.0,1.0,1.0,0.0,1.0,0.0,0.0,1.0,88.0,5986.45,179
0,1.0,0.0,71,1.0,1.0,1.0,1.0,1.0,1.0,1.0,1.0,0.0,89.3,6388.65,4645
0,0.0,0.0,6,1.0,0.0,0.0,0.0,0.0,0.0,1.0,1.0,0.0,89.3,577.6,1035
0,0.0,0.0,26,1.0,0.0,0.0,0.0,0.0,1.0,0.0,0.0,0.0,49.15,1412.4,3955
0,0.0,0.0,10,1.0,0.0,0.0,0.0,0.0,0.0,0.0,0.0,0.0,19.5,225.85,3682
0,1.0,1.0,52,1.0,1.0,0.0,1.0,0.0,1.0,0.0,1.0,1.0,93.25,1412.4,8720
0,0.0,0.0,61,1.0,1.0,0.0,1.0,1.0,0.0,1.0,1.0,1.0,103.95,6423.0,2432
1,0.0,0.0,8,1.0,0.0,0.0,0.0,0.0,0.0,0.0,0.0,0.0,19.65,164.3,7954
0,1.0,1.0,50,1.0,1.0,1.0,1.0,1.0,0.0,1.0,1.0,1.0,108.25,5431.4,830
0,0.0,0.0,25,1.0,1.0,0.0,0.0,0.0,0.0,0.0,1.0,1.0,84.8,2043.45,4916
0,0.0,0.0,35,1.0,1.0,0.0,0.0,0.0,0.0,1.0,0.0,0.0,83.15,2848.45,4284
0,1.0,1.0,57,1.0,0.0,0.0,0.0,0.0,0.0,0.0,0.0,0.0,19.5,1167.6,4042
0,0.0,0.0,15,1.0,0.0,0.0,0.0,0.0,0.0,1.0,0.0,0.0,56.15,931.9,9812
0,1.0,1.0,11,1.0,0.0,0.0,0.0,0.0,0.0,1.0,1.0,0.0,90.6,1020.2,3969
0,0.0,0.0,8,1.0,0.0,0.0,0.0,0.0,0.0,0.0,0.0,0.0,19.2,156.85,2470
0,1.0,1.0,19,0.0,0.0,0.0,0.0,0.0,0.0,0.0,0.0,1.0,24.85,434.8,4641
0,1.0,1.0,8,1.0,0.0,0.0,0.0,1.0,0.0,0.0,0.0,1.0,51.05,415.05,7489
0,0.0,0.0,1,1.0,0.0,0.0,0.0,0.0,0.0,0.0,0.0,0.0,20.05,20.05,9014
0,0.0,0.0,31,1.0,0.0,0.0,1.0,1.0,0.0,1.0,1.0,1.0,101.4,3143.65,2683
0,1.0,1.0,12,1.0,1.0,0.0,0.0,0.0,0.0,0.0,0.0,1.0,24.0,269.65,2719
1,1.0,0.0,61,1.0,1.0,0.0,1.0,1.0,0.0,1.0,1.0,1.0,104.4,6405.0,6867
0,1.0,0.0,18,1.0,1.0,0.0,0.0,0.0,0.0,1.0,1.0,1.0,94.75,1691.9,5471
0,0.0,0.0,8,0.0,0.0,1.0,0.0,0.0,0.0,0.0,0.0,0.0,29.35,216.45,8501
0,0.0,0.0,1,1.0,0.0,0.0,0.0,0.0,1.0,0.0,0.0,1.0,49.3,49.3,4447
0,0.0,0.0,30,1.0,1.0,1.0,0.0,0.0,1.0,1.0,1.0,0.0,106.4,3211.9,4300
0,1.0,1.0,21,1.0,1.0,1.0,0.0,0.0,0.0,1.0,1.0,1.0,75.9,1549.75,3978
0,0.0,0.0,61,1.0,1.0,1.0,1.0,1.0,1.0,1.0,1.0,0.0,89.65,5308.7,3792
0,1.0,1.0,72,1.0,1.0,1.0,0.0,1.0,1.0,1.0,1.0,1.0,85.9,6110.75,3302
1,1.0,0.0,36,1.0,1.0,0.0,0.0,0.0,0.0,0.0,1.0,1.0,85.25,3132.75,3293
0,0.0,1.0,1,1.0,0.0,0.0,0.0,0.0,0.0,0.0,0.0,0.0,20.75,20.75,1159
0,1.0,0.0,36,0.0,0.0,1.0,0.0,1.0,0.0,0.0,0.0,0.0,35.35,1317.95,8123
1,0.0,0.0,23,1.0,1.0,0.0,0.0,1.0,0.0,0.0,0.0,1.0,79.35,1835.3,1389
0,1.0,1.0,56,1.0,1.0,1.0,1.0,0.0,0.0,0.0,1.0,0.0,68.75,3815.4,9100
0,1.0,1.0,70,0.0,0.0,1.0,0.0,1.0,1.0,1.0,1.0,0.0,59.5,4144.8,2950
0,0.0,0.0,56,1.0,0.0,0.0,1.0,0.0,1.0,1.0,1.0,1.0,75.75,4284.65,2367
1,1.0,0.0,38,1.0,1.0,0.0,1.0,1.0,0.0,1.0,1.0,1.0,102.6,4009.2,7871
0,1.0,0.0,72,1.0,1.0,0.0,0.0,0.0,0.0,0.0,0.0,0.0,26.45,1914.5,5810
0,0.0,1.0,49,1.0,0.0,0.0,0.0,0.0,0.0,0.0,0.0,0.0,20.45,1024.65,5843
0,1.0,0.0,5,1.0,1.0,0.0,0.0,1.0,1.0,1.0,0.0,0.0,67.95,350.3,9126
0,1.0,1.0,54,1.0,1.0,1.0,1.0,0.0,1.0,0.0,0.0,1.0,65.65,3566.7,8941
0,1.0,0.0,1,1.0,0.0,0.0,0.0,0.0,0.0,0.0,0.0,1.0,20.65,20.65,2736
0,0.0,0.0,1,1.0,0.0,0.0,0.0,0.0,0.0,0.0,0.0,0.0,69.7,69.7,1117
0,0.0,0.0,10,1.0,0.0,1.0,0.0,0.0,1.0,1.0,0.0,0.0,62.25,612.95,4131
0,1.0,0.0,68,1.0,0.0,1.0,1.0,1.0,0.0,0.0,1.0,0.0,70.95,4741.45,7585
0,1.0,1.0,63,1.0,1.0,1.0,0.0,1.0,1.0,0.0,1.0,0.0,75.7,4676.7,5979
0,0.0,0.0,39,1.0,0.0,0.0,1.0,1.0,1.0,0.0,0.0,0.0,41.1,1597.05,2861
1,0.0,0.0,28,1.0,1.0,0.0,0.0,0.0,0.0,1.0,1.0,1.0,94.85,335.75,8884
0,0.0,0.0,62,1.0,1.0,1.0,1.0,1.0,0.0,0.0,0.0,1.0,92.05,5755.8,4737
0,0.0,0.0,3,1.0,0.0,0.0,0.0,0.0,0.0,0.0,0.0,1.0,70.3,220.4,2542
0,0.0,0.0,20,1.0,0.0,1.0,0.0,1.0,0.0,1.0,0.0,1.0,89.4,1871.15,4447
0,1.0,0.0,70,0.0,0.0,0.0,1.0,1.0,1.0,0.0,1.0,1.0,51.05,3635.15,4925
0,0.0,0.0,47,1.0,0.0,1.0,0.0,1.0,1.0,1.0,1.0,1.0,103.7,4730.6,4674
0,1.0,1.0,71,1.0,1.0,0.0,0.0,0.0,0.0,0.0,0.0,0.0,23.9,1626.4,7513
0,1.0,1.0,72,1.0,0.0,1.0,1.0,1.0,1.0,1.0,1.0,1.0,108.65,7726.35,1449
0,1.0,1.0,55,1.0,1.0,1.0,0.0,1.0,1.0,1.0,1.0,1.0,85.1,4657.95,9925
0,0.0,0.0,26,1.0,0.0,0.0,1.0,1.0,0.0,0.0,0.0,1.0,56.05,1553.2,8406
1,0.0,0.0,1,1.0,0.0,0.0,0.0,0.0,0.0,0.0,0.0,1.0,70.15,70.15,3319
0,1.0,1.0,50,1.0,1.0,0.0,1.0,1.0,1.0,1.0,1.0,1.0,84.15,4164.4,3091
1,0.0,0.0,47,1.0,1.0,0.0,1.0,1.0,0.0,0.0,0.0,1.0,85.2,3969.35,3510
0,1.0,1.0,62,1.0,1.0,1.0,1.0,0.0,0.0,1.0,1.0,1.0,105.5,6487.2,1131
0,0.0,0.0,30,1.0,0.0,1.0,1.0,0.0,1.0,1.0,0.0,0.0,70.4,2044.75,7793
0,1.0,0.0,64,1.0,0.0,1.0,0.0,0.0,1.0,1.0,1.0,1.0,96.9,6314.35,9450
0,0.0,0.0,53,1.0,1.0,0.0,0.0,0.0,0.0,1.0,0.0,0.0,85.45,4517.25,1459
0,0.0,1.0,26,0.0,0.0,1.0,0.0,0.0,1.0,0.0,1.0,0.0,45.8,1147.0,6743
0,1.0,1.0,26,1.0,1.0,0.0,0.0,0.0,0.0,1.0,0.0,1.0,83.75,2070.6,2420
0,1.0,1.0,71,1.0,1.0,1.0,1.0,1.0,1.0,1.0,1.0,1.0,90.55,6239.05,2176
0,0.0,0.0,28,1.0,0.0,0.0,0.0,1.0,1.0,1.0,1.0,1.0,98.65,2537.0,8874
0,0.0,0.0,24,1.0,1.0,0.0,1.0,0.0,0.0,1.0,1.0,1.0,99.65,2404.85,755
0,0.0,1.0,1,1.0,1.0,0.0,0.0,1.0,0.0,1.0,1.0,1.0,99.75,99.75,3875
0,0.0,0.0,17,0.0,0.0,0.0,0.0,0.0,0.0,0.0,0.0,1.0,25.65,440.2,7197
1,0.0,0.0,42,1.0,1.0,0.0,0.0,1.0,0.0,0.0,0.0,0.0,55.65,2421.75,2635
0,0.0,0.0,8,1.0,0.0,1.0,0.0,1.0,0.0,0.0,1.0,1.0,66.7,579.0,4496
0,0.0,0.0,6,1.0,0.0,0.0,1.0,0.0,0.0,1.0,0.0,1.0,85.35,489.45,2128
0,1.0,1.0,7,0.0,0.0,1.0,0.0,0.0,1.0,0.0,0.0,1.0,34.5,279.25,4125
0,0.0,0.0,1,1.0,0.0,0.0,0.0,0.0,0.0,0.0,0.0,0.0,19.9,19.9,1759
0,0.0,0.0,24,1.0,1.0,0.0,0.0,0.0,0.0,1.0,1.0,1.0,94.1,2322.85,2596
0,1.0,0.0,70,1.0,1.0,0.0,1.0,1.0,1.0,1.0,0.0,0.0,72.95,5265.55,7894
1,0.0,0.0,8,1.0,1.0,0.0,0.0,1.0,0.0,0.0,0.0,1.0,81.25,585.95,4950
0,1.0,0.0,72,1.0,1.0,0.0,0.0,0.0,0.0,0.0,0.0,1.0,24.15,1776.45,7478
0,0.0,0.0,15,1.0,1.0,0.0,1.0,0.0,1.0,0.0,0.0,1.0,58.6,939.7,7004
0,0.0,0.0,14,1.0,0.0,0.0,1.0,0.0,0.0,0.0,0.0,0.0,51.45,727.85,4659
0,0.0,0.0,11,1.0,0.0,0.0,0.0,0.0,0.0,1.0,0.0,1.0,35.8,363.15,7926
1,1.0,0.0,4,1.0,1.0,0.0,0.0,0.0,0.0,1.0,0.0,1.0,83.25,308.05,5473
0,0.0,0.0,2,1.0,0.0,0.0,1.0,0.0,0.0,1.0,0.0,1.0,59.0,114.15,3464
1,1.0,0.0,1,1.0,1.0,0.0,0.0,0.0,0.0,0.0,0.0,1.0,74.4,74.4,1173
0,0.0,0.0,60,0.0,0.0,1.0,0.0,1.0,0.0,1.0,1.0,0.0,53.6,3237.05,6072
0,1.0,1.0,9,1.0,0.0,1.0,0.0,0.0,0.0,0.0,0.0,0.0,48.6,422.3,8397
0,0.0,0.0,1,1.0,0.0,0.0,0.0,0.0,0.0,0.0,0.0,1.0,69.2,69.2,5952
0,1.0,1.0,72,1.0,1.0,1.0,1.0,1.0,1.0,1.0,1.0,0.0,114.55,8306.05,8626
1,1.0,1.0,10,0.0,0.0,0.0,0.0,0.0,0.0,0.0,1.0,1.0,34.55,362.6,8380
0,0.0,0.0,9,1.0,0.0,0.0,0.0,0.0,0.0,0.0,0.0,1.0,19.9,164.6,1225
0,1.0,1.0,51,1.0,0.0,1.0,1.0,1.0,1.0,1.0,1.0,0.0,85.5,4421.95,3134
0,1.0,0.0,42,1.0,1.0,0.0,1.0,1.0,1.0,0.0,1.0,1.0,99.45,4138.05,6688
0,0.0,0.0,1,1.0,0.0,0.0,0.0,0.0,0.0,0.0,0.0,1.0,19.75,19.75,7461
0,0.0,0.0,69,0.0,0.0,1.0,1.0,0.0,1.0,1.0,1.0,1.0,60.05,4176.7,412
0,0.0,0.0,19,1.0,1.0,0.0,0.0,1.0,0.0,0.0,0.0,1.0,56.1,1033.9,5809
0,1.0,1.0,72,1.0,1.0,1.0,1.0,1.0,1.0,1.0,1.0,1.0,118.75,8672.45,7016
0,1.0,1.0,33,1.0,1.0,0.0,1.0,1.0,1.0,0.0,0.0,0.0,88.6,2888.7,4722
0,0.0,0.0,1,1.0,0.0,0.0,0.0,0.0,0.0,0.0,0.0,0.0,44.4,44.4,913
0,0.0,0.0,23,1.0,1.0,1.0,0.0,0.0,0.0,1.0,0.0,1.0,90.05,2169.8,5902
